Brand,Color,Type,Size,Spinspeed,Rating,No_of_reviews,No_of_Ratings,Price
SAMSUNG,Grey,Fully Automatic Top Load,9.0,700.0,4.3,4479,57726,24990.0
Whirlpool,Grey,Fully Automatic Top Load,7.0,740.0,4.1,1230,16409,14990.0
MarQ,White,Semi Automatic Top Load,8.0,1350.0,4.1,3,58,5299.0
SAMSUNG,Grey,Fully Automatic Top Load,7.0,700.0,4.3,4479,57726,17690.0
LG,Silver,Semi Automatic Top Load,7.0,1350.0,4.5,2105,30365,11490.0
SAMSUNG,Silver,Fully Automatic Top Load,7.0,680.0,4.3,1119,15958,15790.0
Haier,Grey,Fully Automatic Top Load,5.0,800.0,4.3,2106,23856,12990.0
Whirlpool,Grey,Fully Automatic Top Load,6.0,740.0,4.2,1363,19093,13790.0
SAMSUNG,Grey,Fully Automatic Top Load,8.0,700.0,4.3,4479,57726,19790.0
Whirlpool,Grey,Semi Automatic Top Load,7.0,1400.0,4.4,1126,14515,9990.0
SAMSUNG,Grey,Fully Automatic Top Load,9.0,1400.0,4.4,1533,17279,42990.0
Whirlpool,Grey,Fully Automatic Top Load,8.0,740.0,4.2,20,151,31990.0
LG,Silver,Fully Automatic Top Load,7.0,700.0,4.3,4588,59155,17490.0
SAMSUNG,Black,Fully Automatic Front Load,9.0,1400.0,4.4,1533,17279,39990.0
LG,Silver,Fully Automatic Top Load,8.0,700.0,4.3,4588,59155,18990.0
realme,Black,Semi Automatic Top Load,7.0,700.0,4.2,5636,55939,7690.0
Whirlpool,Grey,Fully Automatic Top Load,7.0,740.0,4.0,13,187,26990.0
Whirlpool,Grey,Fully Automatic Top Load,5.0,740.0,4.2,1363,19093,16490.0
SAMSUNG,Grey,Semi Automatic Top Load,5.0,1300.0,4.4,681,9660,11790.0
MOTOROLA,Black,Semi Automatic Top Load,0.0,1350.0,4.2,99,1299,10990.0
Whirlpool,Grey,Fully Automatic Front Load,8.0,740.0,5.0,1,6,34990.0
Whirlpool,Grey,Fully Automatic Top Load,8.0,740.0,4.2,20,151,30990.0
Whirlpool,Grey,Fully Automatic Top Load,5.0,1400.0,4.4,1126,14515,12990.0
LG,Silver,Fully Automatic Front Load,7.0,1200.0,4.4,1672,19285,28990.0
MarQ,White,Semi Automatic Top Load,5.0,1350.0,4.3,4968,47406,12990.0
LG,Silver,Fully Automatic Front Load,5.0,1000.0,4.4,389,4674,24990.0
SAMSUNG,Grey,Fully Automatic Top Load,9.0,700.0,4.3,4479,57726,24990.0
MarQ,White,Semi Automatic Top Load,8.0,1350.0,4.1,3,58,5299.0
Whirlpool,Grey,Fully Automatic Top Load,7.0,740.0,4.1,1230,16409,14990.0
SAMSUNG,Grey,Fully Automatic Front Load,7.0,1200.0,4.4,1533,17279,31490.0
Whirlpool,Grey,Fully Automatic Top Load,6.0,740.0,4.2,1363,19093,13790.0
SAMSUNG,Grey,Fully Automatic Top Load,9.0,1400.0,4.4,1533,17279,42990.0
Voltas,White,Semi Automatic Top Load,8.0,1350.0,4.3,371,4615,18990.0
Whirlpool,Grey,Fully Automatic Top Load,9.0,1400.0,4.4,1126,14515,13990.0
Whirlpool,Grey,Fully Automatic Top Load,8.0,1400.0,4.4,1126,14515,12490.0
Godrej,Grey,Fully Automatic Top Load,7.0,1400.0,4.2,192,2436,13990.0
Whirlpool,Grey,Fully Automatic Top Load,8.0,740.0,4.2,20,151,31990.0
SAMSUNG,Black,Fully Automatic Front Load,9.0,1400.0,4.4,1533,17279,39990.0
realme,Grey,Semi Automatic Top Load,5.0,700.0,4.2,5636,55939,9390.0
Thomson,Black,Semi Automatic Top Load,5.0,1120.0,4.0,1023,10907,7990.0
Whirlpool,Grey,Fully Automatic Top Load,7.0,740.0,4.0,13,187,26990.0
Whirlpool,Grey,Fully Automatic Top Load,5.0,740.0,4.2,1363,19093,16490.0
Haier,Grey,Fully Automatic Front Load,8.0,1200.0,4.3,38,330,33990.0
SAMSUNG,Grey,Semi Automatic Top Load,5.0,1300.0,4.3,2363,32304,14190.0
IFB,Grey,Fully Automatic Front Load,7.0,720.0,4.3,1538,18564,18690.0
IFB,Grey,Fully Automatic Front Load,7.0,1000.0,4.3,8031,77392,25990.0
Whirlpool,Grey,Fully Automatic Front Load,8.0,740.0,5.0,1,6,34990.0
Whirlpool,Grey,Fully Automatic Top Load,8.0,740.0,4.2,20,151,30990.0
Whirlpool,Grey,Fully Automatic Top Load,8.0,740.0,4.1,1230,16409,18990.0
Voltas,Grey,Fully Automatic Top Load,5.0,700.0,4.0,20,254,12990.0
SAMSUNG,Grey,Fully Automatic Top Load,9.0,700.0,4.3,4479,57726,24990.0
Whirlpool,Grey,Fully Automatic Top Load,7.0,740.0,4.1,1230,16409,14990.0
MarQ,White,Semi Automatic Top Load,0.0,1350.0,4.3,4968,47406,10190.0
Voltas,Blue,Semi Automatic Top Load,5.0,0.0,4.0,0,4,5300.0
MarQ,White,Semi Automatic Top Load,5.0,1350.0,4.3,2380,21723,6890.0
Haier,Multicolor,Semi Automatic Top Load,8.0,1300.0,4.3,76,1343,19000.0
MarQ,White,Semi Automatic Top Load,8.0,1350.0,4.1,3,58,5299.0
Whirlpool,Grey,Fully Automatic Top Load,6.0,740.0,4.2,1363,19093,13790.0
LG,Silver,Fully Automatic Front Load,8.0,1400.0,4.4,1672,19285,34990.0
Intex,Grey,Fully Automatic Front Load,7.0,1300.0,4.3,2355,16202,7190.0
SAMSUNG,Grey,Fully Automatic Top Load,9.0,1400.0,4.4,1533,17279,42990.0
Whirlpool,Grey,Fully Automatic Top Load,8.0,740.0,4.2,20,151,31990.0
Voltas,White,Semi Automatic Top Load,6.0,1350.0,4.3,371,4615,7590.0
MOTOROLA,Black,Semi Automatic Top Load,7.0,1000.0,4.1,55,443,19990.0
Godrej,White,Semi Automatic Top Load,5.0,1440.0,4.3,146,2219,10490.0
Admiral,Grey,Fully Automatic Top Load,6.0,600.0,3.7,1,3,10999.0
SAMSUNG,Black,Fully Automatic Front Load,9.0,1400.0,4.4,1533,17279,39990.0
Whirlpool,Grey,Fully Automatic Top Load,7.0,740.0,4.0,13,187,26990.0
LG,Silver,Fully Automatic Front Load,9.0,1200.0,4.4,1672,19285,39990.0
SAMSUNG,Purple,Semi Automatic Top Load,7.0,1350.0,4.3,2363,32304,11290.0
Whirlpool,Grey,Fully Automatic Top Load,5.0,740.0,4.2,1363,19093,16490.0
Whirlpool,Grey,Fully Automatic Front Load,8.0,740.0,5.0,1,6,34990.0
realme,Black,Semi Automatic Top Load,8.0,700.0,4.2,5636,55939,11390.0
SAMSUNG,Grey,Fully Automatic Front Load,7.0,1200.0,4.1,1,16,33499.0
Whirlpool,Grey,Fully Automatic Top Load,8.0,740.0,4.2,20,151,31990.0
Godrej,White,Semi Automatic Top Load,7.0,1440.0,4.3,146,2219,9990.0
SAMSUNG,Grey,Fully Automatic Top Load,9.0,700.0,4.3,4479,57726,24990.0
Whirlpool,Grey,Fully Automatic Top Load,7.0,740.0,4.1,1230,16409,14990.0
Godrej,White,Semi Automatic Top Load,8.0,1440.0,4.3,146,2219,11799.0
BOSCH,Grey,Fully Automatic Front Load,7.0,1000.0,4.4,834,9340,30999.0
MarQ,White,Semi Automatic Top Load,8.0,1350.0,4.1,3,58,5299.0
Whirlpool,Grey,Fully Automatic Top Load,6.0,740.0,4.2,1363,19093,13790.0
Panasonic,Grey,Fully Automatic Top Load,8.0,702.0,4.3,1073,10582,19990.0
LG,Silver,Fully Automatic Top Load,5.0,700.0,4.3,4588,59155,18490.0
Whirlpool,Grey,Fully Automatic Top Load,5.0,1400.0,4.4,1126,14515,10990.0
IFB,Grey,Fully Automatic Front Load,0.0,1400.0,4.3,47,377,46990.0
SAMSUNG,Grey,Fully Automatic Top Load,9.0,1400.0,4.4,1533,17279,42990.0
SAMSUNG,Black,Fully Automatic Front Load,9.0,1400.0,4.4,1533,17279,39990.0
IFB,Grey,Fully Automatic Front Load,5.0,720.0,4.4,4,61,19490.0
LG,Silver,Fully Automatic Front Load,1.0,1300.0,4.5,338,4245,18990.0
Whirlpool,Grey,Fully Automatic Top Load,7.0,740.0,4.0,13,187,26990.0
Whirlpool,Grey,Fully Automatic Top Load,5.0,740.0,4.2,1363,19093,16490.0
Panasonic,Grey,Fully Automatic Top Load,6.0,680.0,4.3,1073,10582,13890.0
IFB,Grey,Fully Automatic Front Load,8.0,1200.0,4.3,270,3213,33490.0
ONIDA,Grey,Semi Automatic Top Load,8.0,1450.0,4.2,939,10314,9890.0
LG,Silver,Fully Automatic Front Load,9.0,1400.0,4.4,1672,19285,37990.0
SAMSUNG,Grey,Fully Automatic Top Load,9.0,700.0,4.3,4479,57726,24990.0
Whirlpool,Grey,Fully Automatic Top Load,7.0,740.0,4.1,1230,16409,14990.0
Voltas,White,Semi Automatic Top Load,5.0,1350.0,4.3,371,4615,12500.0
SAMSUNG,Grey,Semi Automatic Top Load,8.0,1350.0,4.3,2363,32304,13790.0
MarQ,White,Semi Automatic Top Load,8.0,1350.0,4.1,3,58,5299.0
Whirlpool,Grey,Fully Automatic Top Load,6.0,740.0,4.2,1363,19093,13790.0
Panasonic,Grey,Fully Automatic Top Load,7.0,702.0,4.3,1073,10582,17990.0
SAMSUNG,Grey,Semi Automatic Top Load,9.0,1300.0,4.3,2363,32304,17190.0
LG,White,Fully Automatic Front Load,8.0,1200.0,4.4,1672,19285,32990.0
BOSCH,Grey,Fully Automatic Front Load,8.0,1400.0,4.4,834,9340,34900.0
SAMSUNG,Grey,Fully Automatic Top Load,9.0,1400.0,4.4,1533,17279,42990.0
Whirlpool,Grey,Fully Automatic Top Load,8.0,740.0,4.2,20,151,31990.0
SAMSUNG,Black,Fully Automatic Front Load,9.0,1400.0,4.4,1533,17279,39990.0
Haier,Grey,Fully Automatic Top Load,8.0,1200.0,4.3,2106,23856,17990.0
Whirlpool,Grey,Fully Automatic Top Load,7.0,740.0,4.0,13,187,26990.0
Whirlpool,Grey,Fully Automatic Top Load,5.0,740.0,4.2,1363,19093,16490.0
Thomson,Grey,Fully Automatic Top Load,7.0,840.0,4.0,289,1730,11490.0
realme,Black,Fully Automatic Top Load,5.0,700.0,3.9,32,366,11290.0
MarQ,Grey,Fully Automatic Top Load,5.0,705.0,4.0,151,1436,10890.0
SAMSUNG,Silver,Fully Automatic Front Load,7.0,1000.0,4.4,1533,17279,29990.0
Whirlpool,Grey,Fully Automatic Front Load,8.0,740.0,5.0,1,6,34990.0
Whirlpool,Grey,Fully Automatic Top Load,8.0,740.0,4.2,20,151,30990.0
SAMSUNG,Grey,Fully Automatic Top Load,8.0,700.0,4.3,1119,15958,21190.0
IFB,Grey,Fully Automatic Front Load,5.0,1000.0,4.3,8031,77392,26490.0
SAMSUNG,Grey,Fully Automatic Top Load,9.0,700.0,4.3,4479,57726,24990.0
Whirlpool,Grey,Fully Automatic Top Load,7.0,740.0,4.1,1230,16409,14990.0
IFB,Grey,Fully Automatic Front Load,8.0,1200.0,4.3,8031,77392,33990.0
BOSCH,Grey,Fully Automatic Top Load,5.0,680.0,4.3,120,1254,21490.0
ONIDA,Maroon,Fully Automatic Top Load,9.0,780.0,4.2,2967,26931,6490.0
LG,Silver,Fully Automatic Top Load,5.0,700.0,4.4,43,438,18790.0
MarQ,White,Semi Automatic Top Load,8.0,1350.0,4.1,3,58,5299.0
Whirlpool,Grey,Fully Automatic Top Load,6.0,740.0,4.2,1363,19093,13790.0
Thomson,Black,Semi Automatic Top Load,9.0,1120.0,4.0,1023,10907,9490.0
Admiral,Black,Fully Automatic Top Load,5.0,600.0,3.7,0,0,11999.0
SAMSUNG,Grey,Fully Automatic Top Load,9.0,1400.0,4.4,1533,17279,42990.0
Whirlpool,Grey,Fully Automatic Top Load,8.0,740.0,4.2,20,151,31990.0
IFB,Grey,Fully Automatic Front Load,8.0,1200.0,4.3,8031,77392,32990.0
Admiral,White,Semi Automatic Top Load,5.0,1350.0,3.7,0,0,7799.0
FOXSKY,Maroon,Semi Automatic Top Load,5.0,1300.0,4.1,12,222,6990.0
Sansui,White,Semi Automatic Top Load,5.0,1350.0,4.2,1379,15330,10150.0
SAMSUNG,Black,Fully Automatic Front Load,9.0,1400.0,4.4,1533,17279,39990.0
Whirlpool,Grey,Fully Automatic Top Load,7.0,740.0,4.0,13,187,26990.0
MOTOROLA,Black,Semi Automatic Top Load,8.0,1350.0,4.2,99,1299,9590.0
Admiral,Black,Semi Automatic Top Load,8.0,1350.0,3.7,0,0,10499.0
Whirlpool,Grey,Fully Automatic Top Load,5.0,740.0,4.2,1363,19093,16490.0
Whirlpool,Grey,Fully Automatic Front Load,8.0,740.0,5.0,1,6,34990.0
SAMSUNG,Grey,Semi Automatic Top Load,5.0,1300.0,4.3,3,87,14800.0
Whirlpool,Grey,Fully Automatic Top Load,5.0,740.0,4.3,2039,26651,14700.0
IFB,Grey,Fully Automatic Front Load,7.0,1000.0,4.3,59,680,33290.0
Whirlpool,Grey,Semi Automatic Top Load,9.0,1400.0,4.3,271,2987,14500.0
SAMSUNG,Grey,Fully Automatic Top Load,9.0,700.0,4.3,4479,57726,24990.0
Whirlpool,Grey,Fully Automatic Top Load,7.0,740.0,4.1,1230,16409,14990.0
SAMSUNG,Grey,Semi Automatic Top Load,5.0,1300.0,4.3,2363,32304,16190.0
SAMSUNG,Grey,Semi Automatic Top Load,5.0,1200.0,4.3,3,87,14800.0
MarQ,White,Semi Automatic Top Load,8.0,1350.0,4.1,3,58,5299.0
Whirlpool,Grey,Fully Automatic Top Load,6.0,740.0,4.2,1363,19093,13790.0
LG,Maroon,Semi Automatic Top Load,5.0,1200.0,4.4,9,206,13590.0
MarQ,Grey,Semi Automatic Top Load,9.0,1350.0,4.3,4968,47406,9990.0
Haier,Grey,Fully Automatic Top Load,5.0,800.0,4.0,1,10,13990.0
Admiral,White,Semi Automatic Top Load,5.0,1350.0,3.7,0,0,9499.0
SAMSUNG,Grey,Fully Automatic Top Load,9.0,1400.0,4.4,1533,17279,42990.0
Whirlpool,Grey,Fully Automatic Top Load,8.0,740.0,4.2,20,151,31990.0
BOSCH,Silver,Fully Automatic Front Load,6.0,1200.0,4.4,3,40,54990.0
Lloyd,Grey,Semi Automatic Top Load,5.0,1300.0,4.3,34,384,12290.0
SAMSUNG,Black,Fully Automatic Front Load,9.0,1400.0,4.4,1533,17279,39990.0
Whirlpool,Grey,Fully Automatic Top Load,7.0,740.0,4.0,13,187,26990.0
SAMSUNG,Grey,Semi Automatic Top Load,5.0,1300.0,4.4,332,4317,13990.0
LG,Black,Fully Automatic Top Load,1.0,700.0,4.3,7,79,34990.0
Whirlpool,Grey,Semi Automatic Top Load,1.0,1400.0,4.5,80,977,16990.0
MarQ,Blue,Semi Automatic Top Load,5.0,1350.0,4.3,2380,21723,10590.0
Whirlpool,Grey,Fully Automatic Top Load,5.0,740.0,4.2,1363,19093,16490.0
Whirlpool,Grey,Fully Automatic Front Load,8.0,740.0,5.0,1,6,34990.0
Intex,Grey,Fully Automatic Top Load,5.0,700.0,4.2,315,1795,11990.0
Admiral,White,Semi Automatic Top Load,5.0,1350.0,3.7,0,0,10999.0
SAMSUNG,Grey,Fully Automatic Top Load,9.0,700.0,4.3,4479,57726,24990.0
Whirlpool,Grey,Fully Automatic Top Load,7.0,740.0,4.1,1230,16409,14990.0
SAMSUNG,Grey,Semi Automatic Top Load,5.0,1300.0,4.4,11,115,13000.0
SAMSUNG,White,Fully Automatic Front Load,5.0,1000.0,4.2,53,637,24990.0
IFB,Grey,Fully Automatic Front Load,6.0,1000.0,4.4,34,261,28690.0
Electrolux,White,Fully Automatic Front Load,8.0,1200.0,4.1,6,25,29990.0
MarQ,White,Semi Automatic Top Load,8.0,1350.0,4.1,3,58,5299.0
Whirlpool,Grey,Fully Automatic Top Load,6.0,740.0,4.2,1363,19093,13790.0
SAMSUNG,Grey,Fully Automatic Top Load,1.0,700.0,4.3,4,54,38952.0
Whirlpool,Grey,Semi Automatic Top Load,6.0,1400.0,4.4,1793,23365,9640.0
SAMSUNG,Grey,Fully Automatic Top Load,9.0,1400.0,4.4,1533,17279,42990.0
Whirlpool,Grey,Fully Automatic Top Load,8.0,740.0,4.2,20,151,31990.0
Voltas,White,Fully Automatic Front Load,6.0,1000.0,4.0,96,815,21490.0
MarQ,Grey,Semi Automatic Top Load,9.0,1350.0,4.3,4968,47406,9990.0
IFB,Grey,Fully Automatic Front Load,9.0,1400.0,4.4,197,1879,45490.0
Voltas,White,Fully Automatic Front Load,8.0,1200.0,3.9,25,278,50890.0
SAMSUNG,Black,Fully Automatic Front Load,9.0,1400.0,4.4,1533,17279,39990.0
Whirlpool,Grey,Fully Automatic Top Load,7.0,740.0,4.0,13,187,26990.0
IFB,Grey,Fully Automatic Top Load,7.0,720.0,4.7,7,56,22484.0
SAMSUNG,Red,Semi Automatic Top Load,9.0,1300.0,4.3,2363,32304,11790.0
Whirlpool,Grey,Fully Automatic Top Load,5.0,740.0,4.2,1363,19093,16490.0
Whirlpool,Grey,Fully Automatic Front Load,8.0,740.0,5.0,1,6,34990.0
BOSCH,Grey,Fully Automatic Front Load,7.0,1000.0,4.3,220,3126,27990.0
Haier,Grey,Fully Automatic Top Load,8.0,800.0,4.3,2106,23856,28999.0
IFB,Grey,Fully Automatic Front Load,5.0,720.0,4.3,3002,24422,19850.0
Haier,Grey,Fully Automatic Top Load,7.0,1400.0,4.3,38,330,59990.0
SAMSUNG,Grey,Fully Automatic Top Load,9.0,700.0,4.3,4479,57726,24990.0
Whirlpool,Grey,Fully Automatic Top Load,7.0,740.0,4.1,1230,16409,14990.0
MarQ,Blue,Semi Automatic Top Load,5.0,1350.0,4.3,2380,21723,10590.0
SAMSUNG,Grey,Semi Automatic Top Load,5.0,1200.0,4.3,3,87,14800.0
MarQ,White,Semi Automatic Top Load,8.0,1350.0,4.1,3,58,5299.0
Whirlpool,Grey,Fully Automatic Top Load,6.0,740.0,4.2,1363,19093,13790.0
Voltas,White,Fully Automatic Front Load,5.0,1000.0,4.0,96,815,23990.0
Whirlpool,Grey,Fully Automatic Top Load,6.0,740.0,4.3,2039,26651,13950.0
BOSCH,Silver,Fully Automatic Front Load,7.0,1200.0,4.3,220,3126,31499.0
Voltas,White,Semi Automatic Top Load,4.0,1350.0,4.3,371,4615,16490.0
SAMSUNG,Grey,Fully Automatic Top Load,9.0,1400.0,4.4,1533,17279,42990.0
Whirlpool,Grey,Fully Automatic Top Load,8.0,740.0,4.2,20,151,31990.0
Voltas,Blue,Semi Automatic Top Load,8.0,1300.0,4.4,4,27,11929.0
Godrej,Grey,Semi Automatic Top Load,8.0,1400.0,4.3,32,338,15390.0
SAMSUNG,Black,Fully Automatic Front Load,9.0,1400.0,4.4,1533,17279,39990.0
Whirlpool,Grey,Fully Automatic Top Load,7.0,740.0,4.0,13,187,26990.0
Lloyd,Orange,Semi Automatic Top Load,5.0,1300.0,4.5,22,222,12700.0
Whirlpool,Grey,Fully Automatic Top Load,9.0,740.0,4.2,1363,19093,21890.0
SAMSUNG,Brown,Fully Automatic Top Load,0.0,700.0,4.3,4479,57726,30990.0
BOSCH,Grey,Fully Automatic Front Load,7.0,1400.0,4.4,834,9340,35900.0
SAMSUNG,Grey,Fully Automatic Top Load,9.0,700.0,4.3,4479,57726,24990.0
Whirlpool,Grey,Fully Automatic Top Load,7.0,740.0,4.1,1230,16409,14990.0
Voltas,White,Semi Automatic Top Load,7.0,1300.0,4.3,153,2142,9740.0
ONIDA,Red,Semi Automatic Top Load,8.0,1450.0,4.2,939,10314,10490.0
MarQ,White,Semi Automatic Top Load,8.0,1350.0,4.1,3,58,5299.0
Whirlpool,Grey,Fully Automatic Top Load,6.0,740.0,4.2,1363,19093,13790.0
LG,Black,Semi Automatic Top Load,5.0,1300.0,4.5,338,4245,16490.0
BOSCH,Maroon,Fully Automatic Top Load,8.0,1200.0,4.4,0,0,35490.0
Thomson,Grey,Semi Automatic Top Load,5.0,1120.0,3.9,10,132,9999.0
Godrej,Grey,Semi Automatic Top Load,6.0,1440.0,3.7,1,3,18800.0
SAMSUNG,Grey,Fully Automatic Top Load,9.0,1400.0,4.4,1533,17279,42990.0
Whirlpool,Grey,Fully Automatic Top Load,8.0,740.0,4.2,20,151,31990.0
Voltas,White,Semi Automatic Top Load,2.0,1350.0,4.3,371,4615,14990.0
ONIDA,Grey,Fully Automatic Top Load,5.0,700.0,4.2,1475,13614,13690.0
SAMSUNG,Black,Fully Automatic Front Load,9.0,1400.0,4.4,1533,17279,39990.0
Whirlpool,Grey,Fully Automatic Top Load,7.0,740.0,4.0,13,187,26990.0
ONIDA,Grey,Fully Automatic Top Load,7.0,780.0,4.2,4648,40435,14190.0
Whirlpool,Grey,Fully Automatic Top Load,5.0,740.0,4.1,175,2319,18490.0
Galanz,Silver,Fully Automatic Front Load,7.0,1200.0,4.0,289,1964,23990.0
Lloyd,Red,Semi Automatic Top Load,5.0,1400.0,4.3,82,891,13490.0
Whirlpool,Grey,Fully Automatic Top Load,5.0,740.0,4.2,1363,19093,16490.0
Whirlpool,Grey,Fully Automatic Front Load,8.0,740.0,5.0,1,6,34990.0
Godrej,Grey,Fully Automatic Top Load,7.0,720.0,4.3,146,1733,15990.0
SAMSUNG,Silver,Fully Automatic Top Load,7.0,700.0,4.1,9,66,23500.0
SAMSUNG,Grey,Fully Automatic Top Load,9.0,700.0,4.3,4479,57726,24990.0
Whirlpool,Grey,Fully Automatic Top Load,7.0,740.0,4.1,1230,16409,14990.0
Intex,White,Fully Automatic Front Load,6.0,1000.0,3.9,42,180,22390.0
Voltas,Blue,Semi Automatic Top Load,8.0,1300.0,4.4,4,27,11929.0
IFB,Grey,Fully Automatic Top Load,7.0,1000.0,4.1,26,314,21450.0
Whirlpool,Grey,Semi Automatic Top Load,8.0,1400.0,4.4,561,6237,13070.0
MarQ,White,Semi Automatic Top Load,8.0,1350.0,4.1,3,58,5299.0
Whirlpool,Grey,Fully Automatic Top Load,6.0,740.0,4.2,1363,19093,13790.0
Siemens,Silver,Fully Automatic Front Load,8.0,1000.0,4.2,0,6,39190.0
Haier,Blue,Fully Automatic Front Load,9.0,1400.0,4.3,38,330,49990.0
SAMSUNG,Grey,Fully Automatic Top Load,9.0,1400.0,4.4,1533,17279,42990.0
Whirlpool,Grey,Fully Automatic Top Load,8.0,740.0,4.2,20,151,31990.0
IFB,Grey,Fully Automatic Front Load,8.0,1200.0,4.4,34,261,36990.0
ONIDA,Grey,Fully Automatic Top Load,7.0,750.0,4.2,1475,13614,12990.0
SAMSUNG,Red,Semi Automatic Top Load,9.0,1300.0,4.4,33,339,18819.0
Avoir,White,Semi Automatic Top Load,5.0,1300.0,4.0,21,136,8699.0
SAMSUNG,Black,Fully Automatic Front Load,9.0,1400.0,4.4,1533,17279,39990.0
Whirlpool,Grey,Fully Automatic Top Load,7.0,740.0,4.0,13,187,26990.0
Whirlpool,Grey,Semi Automatic Top Load,7.0,1400.0,4.3,607,8840,9990.0
Lloyd,Grey,Fully Automatic Top Load,6.0,680.0,4.0,9,96,18690.0
Whirlpool,Grey,Fully Automatic Top Load,5.0,740.0,4.2,1363,19093,16490.0
Whirlpool,Grey,Fully Automatic Front Load,8.0,740.0,5.0,1,6,34990.0
IFB,Grey,Fully Automatic Front Load,8.0,1400.0,4.3,47,377,44990.0
Voltas,White,Semi Automatic Top Load,0.0,1350.0,4.3,371,4615,13790.0
LG,Black,Fully Automatic Top Load,1.0,700.0,4.3,9,107,47990.0
Haier,Grey,Fully Automatic Top Load,8.0,1200.0,4.3,2106,23856,23850.0
SAMSUNG,Grey,Fully Automatic Top Load,9.0,700.0,4.3,4479,57726,24990.0
Whirlpool,Grey,Fully Automatic Top Load,7.0,740.0,4.1,1230,16409,14990.0
LG,Black,Semi Automatic Top Load,5.0,1200.0,4.7,6,61,18990.0
SAMSUNG,White,Fully Automatic Front Load,7.0,1200.0,4.5,34,443,29990.0
MarQ,White,Semi Automatic Top Load,8.0,1350.0,4.1,3,58,5299.0
Whirlpool,Grey,Fully Automatic Top Load,6.0,740.0,4.2,1363,19093,13790.0
Whirlpool,Grey,Semi Automatic Top Load,7.0,1400.0,4.3,607,8840,9990.0
Thomson,Grey,Fully Automatic Top Load,8.0,700.0,3.9,119,760,15990.0
LG,Silver,Fully Automatic Front Load,9.0,700.0,4.5,100,1151,28990.0
IFB,Grey,Fully Automatic Front Load,5.0,1000.0,4.8,2,20,31490.0
SAMSUNG,Grey,Fully Automatic Top Load,9.0,1400.0,4.4,1533,17279,42990.0
Whirlpool,Grey,Fully Automatic Top Load,8.0,740.0,4.2,20,151,31990.0
SAMSUNG,Grey,Fully Automatic Top Load,5.0,700.0,4.2,5,73,21000.0
SAMSUNG,Maroon,Fully Automatic Top Load,5.0,680.0,4.3,42,319,22200.0
SAMSUNG,Black,Fully Automatic Front Load,9.0,1400.0,4.4,1533,17279,39990.0
Whirlpool,Grey,Fully Automatic Top Load,7.0,740.0,4.0,13,187,26990.0
Midea,Silver,Fully Automatic Front Load,6.0,1000.0,4.0,72,513,22490.0
Panasonic,Grey,Fully Automatic Top Load,5.0,700.0,4.3,1073,10582,15200.0
IFB,Grey,Fully Automatic Front Load,6.0,800.0,4.2,72,938,24890.0
ONIDA,Grey,Fully Automatic Top Load,8.0,700.0,4.2,4648,40435,17190.0
Whirlpool,Grey,Fully Automatic Top Load,5.0,740.0,4.2,1363,19093,16490.0
Whirlpool,Grey,Fully Automatic Front Load,8.0,740.0,5.0,1,6,34990.0
LG,Silver,Fully Automatic Front Load,8.0,1200.0,4.5,7,50,38990.0
BOSCH,Grey,Fully Automatic Front Load,7.0,1200.0,4.4,834,9340,31490.0
SAMSUNG,Grey,Fully Automatic Top Load,9.0,700.0,4.3,4479,57726,24990.0
Whirlpool,Grey,Fully Automatic Top Load,7.0,740.0,4.1,1230,16409,14990.0
SAMSUNG,Grey,Fully Automatic Front Load,8.0,1400.0,4.4,0,0,40000.0
Whirlpool,Grey,Fully Automatic Top Load,5.0,740.0,4.1,200,2040,23670.0
SAMSUNG,White,Fully Automatic Front Load,6.0,1350.0,4.4,8,94,24990.0
Godrej,Grey,Fully Automatic Top Load,5.0,670.0,4.2,116,1271,20999.0
MarQ,White,Semi Automatic Top Load,8.0,1350.0,4.1,3,58,5299.0
Whirlpool,Grey,Fully Automatic Top Load,6.0,740.0,4.2,1363,19093,13790.0
Midea,Grey,Fully Automatic Top Load,7.0,680.0,4.1,202,1613,15490.0
SAMSUNG,Grey,Fully Automatic Front Load,8.0,1400.0,4.4,6,43,39900.0
SAMSUNG,Grey,Fully Automatic Top Load,9.0,1400.0,4.4,1533,17279,42990.0
Whirlpool,Grey,Fully Automatic Top Load,8.0,740.0,4.2,20,151,31990.0
IFB,Grey,Fully Automatic Front Load,5.0,720.0,4.3,1538,18564,17590.0
SAMSUNG,Grey,Fully Automatic Front Load,8.0,1400.0,4.4,438,5467,38500.0
Whirlpool,Grey,Fully Automatic Top Load,7.0,740.0,4.3,1407,14465,18490.0
IFB,Grey,Fully Automatic Front Load,6.0,800.0,4.3,43,448,27390.0
SAMSUNG,Black,Fully Automatic Front Load,9.0,1400.0,4.4,1533,17279,39990.0
Whirlpool,Grey,Fully Automatic Top Load,7.0,740.0,4.0,13,187,26990.0
LG,Silver,Fully Automatic Front Load,1.0,1400.0,4.4,1672,19285,51990.0
Godrej,Grey,Semi Automatic Top Load,5.0,1400.0,4.3,146,2219,14900.0
Whirlpool,Grey,Fully Automatic Top Load,5.0,740.0,4.2,1363,19093,16490.0
Whirlpool,Grey,Fully Automatic Front Load,8.0,740.0,5.0,1,6,34990.0
Thomson,Grey,Semi Automatic Top Load,1.0,1120.0,4.0,1023,10907,10999.0
TCL,Grey,Fully Automatic Front Load,5.0,1400.0,4.0,0,0,45990.0
Godrej,Grey,Semi Automatic Top Load,6.0,750.0,4.2,2,18,25750.0
Whirlpool,Grey,Fully Automatic Top Load,5.0,740.0,3.9,8,63,25590.0
SAMSUNG,Grey,Fully Automatic Top Load,9.0,700.0,4.3,4479,57726,24990.0
Whirlpool,Grey,Fully Automatic Top Load,7.0,740.0,4.1,1230,16409,14990.0
IFB,Grey,Fully Automatic Front Load,5.0,1000.0,4.2,36,428,34190.0
LG,Brown,Fully Automatic Top Load,8.0,700.0,4.0,0,9,26290.0
MarQ,White,Semi Automatic Top Load,8.0,1350.0,4.1,3,58,5299.0
Whirlpool,Grey,Fully Automatic Top Load,6.0,740.0,4.2,1363,19093,13790.0
SAMSUNG,Grey,Semi Automatic Top Load,5.0,1300.0,4.4,43,517,16100.0
Whirlpool,Black,Fully Automatic Top Load,0.0,740.0,4.2,0,0,25490.0
IFB,Grey,Fully Automatic Front Load,6.0,800.0,4.3,8031,77392,21990.0
Haier,Grey,Fully Automatic Top Load,8.0,780.0,4.3,2106,23856,25100.0
SAMSUNG,Grey,Fully Automatic Top Load,9.0,1400.0,4.4,1533,17279,42990.0
Whirlpool,Grey,Fully Automatic Top Load,8.0,740.0,4.2,20,151,31990.0
Whirlpool,Grey,Semi Automatic Top Load,5.0,740.0,3.8,1,14,11890.0
SAMSUNG,Silver,Fully Automatic Front Load,5.0,1200.0,4.3,2,31,35000.0
SAMSUNG,Black,Fully Automatic Front Load,9.0,1400.0,4.4,1533,17279,39990.0
Whirlpool,Grey,Fully Automatic Top Load,7.0,740.0,4.0,13,187,26990.0
SAMSUNG,Grey,Fully Automatic Top Load,7.0,680.0,4.2,11,169,16340.0
Whirlpool,Red,Semi Automatic Top Load,7.0,1400.0,4.4,343,2592,11057.0
LG,White,Semi Automatic Top Load,0.0,1300.0,4.5,292,4137,17999.0
IFB,Grey,Fully Automatic Front Load,6.0,800.0,4.2,8,86,23990.0
SAMSUNG,Grey,Fully Automatic Top Load,9.0,700.0,4.3,4479,57726,24990.0
Whirlpool,Grey,Fully Automatic Top Load,7.0,740.0,4.1,1230,16409,14990.0
LG,Silver,Fully Automatic Front Load,8.0,1400.0,4.4,1672,19285,34991.0
Voltas,White,Semi Automatic Top Load,5.0,1300.0,4.3,388,4880,10990.0
MarQ,White,Semi Automatic Top Load,8.0,1350.0,4.1,3,58,5299.0
Whirlpool,Grey,Fully Automatic Top Load,6.0,740.0,4.2,1363,19093,13790.0
SAMSUNG,Black,Fully Automatic Top Load,0.0,700.0,4.1,1,23,29190.0
Acer,Unknown,Unknown,5.0,700.0,4.1,154,1154,11999.0
IFB,Grey,Fully Automatic Front Load,7.0,1200.0,4.3,113,1180,36990.0
IFB,Grey,Fully Automatic Front Load,9.0,1400.0,4.3,8031,77392,46590.0
SAMSUNG,Grey,Fully Automatic Top Load,9.0,1400.0,4.4,1533,17279,42990.0
Whirlpool,Grey,Fully Automatic Top Load,8.0,740.0,4.2,20,151,31990.0
Whirlpool,Grey,Semi Automatic Top Load,6.0,1400.0,4.4,301,4215,9640.0
Panasonic,Grey,Fully Automatic Top Load,8.0,702.0,4.2,9,72,26990.0
SAMSUNG,Black,Fully Automatic Front Load,9.0,1400.0,4.4,1533,17279,39990.0
Whirlpool,Grey,Fully Automatic Top Load,7.0,740.0,4.0,13,187,26990.0
LG,Grey,Semi Automatic Top Load,5.0,1200.0,4.2,3,72,13550.0
BOSCH,Grey,Fully Automatic Front Load,8.0,1200.0,4.4,775,9098,32990.0
SAMSUNG,Grey,Semi Automatic Top Load,8.0,1350.0,4.5,34,484,15499.0
LG,White,Semi Automatic Top Load,7.0,1200.0,4.5,29,438,12488.0
Whirlpool,Grey,Fully Automatic Top Load,5.0,740.0,4.2,1363,19093,16490.0
Whirlpool,Grey,Fully Automatic Front Load,8.0,740.0,5.0,1,6,34990.0
Lloyd,Grey,Fully Automatic Top Load,5.0,680.0,4.0,9,96,13990.0
IFB,Grey,Fully Automatic Front Load,7.0,1000.0,4.3,113,1180,33413.0
LG,White,Fully Automatic Front Load,5.0,1000.0,4.4,28,153,37990.0
Siemens,Grey,Fully Automatic Front Load,7.0,1000.0,4.9,4,25,28990.0
LG,White,Fully Automatic Front Load,6.0,1000.0,4.5,86,1203,25990.0
BOSCH,Grey,Fully Automatic Front Load,7.0,1200.0,4.4,834,9340,31490.0
BOSCH,Black,Fully Automatic Front Load,8.0,1400.0,4.4,0,0,35490.0
MarQ,Grey,Fully Automatic Top Load,5.0,700.0,4.2,194,1397,21478.0
BOSCH,Grey,Fully Automatic Top Load,7.0,680.0,4.3,120,1254,19990.0
Godrej,White,Semi Automatic Top Load,8.0,1400.0,4.6,2,43,13789.0
LG,Silver,Fully Automatic Front Load,7.0,1400.0,4.4,0,0,219990.0
Voltas,White,Semi Automatic Top Load,5.0,1300.0,4.3,1,7,13520.0
SAMSUNG,Grey,Fully Automatic Front Load,8.0,1400.0,4.4,1533,17279,39090.0
Siemens,Machine,Fully Automatic Front Load,7.0,1000.0,4.4,2,18,30990.0
Godrej,Grey,Semi Automatic Top Load,8.0,1400.0,4.3,32,338,14490.0
SAMSUNG,Grey,Semi Automatic Top Load,5.0,1350.0,4.2,14,153,11699.0
LG,White,Fully Automatic Front Load,6.0,1000.0,4.5,59,568,31990.0
SAMSUNG,Silver,Fully Automatic Front Load,5.0,1000.0,4.5,2,18,33406.0
TCL,Grey,Fully Automatic Top Load,5.0,800.0,4.0,5,70,17890.0
SAMSUNG,Grey,Fully Automatic Front Load,6.0,1000.0,4.4,438,5467,24890.0
Whirlpool,Grey,Fully Automatic Top Load,5.0,740.0,4.1,5,47,17490.0
Haier,Black,Semi Automatic Top Load,1.0,1200.0,4.3,76,1343,17900.0
SAMSUNG,Black,Fully Automatic Top Load,9.0,1350.0,4.4,0,0,69990.0
LG,Black,Fully Automatic Top Load,7.0,700.0,4.4,65,622,26490.0
Whirlpool,Grey,Fully Automatic Top Load,5.0,740.0,4.2,1363,19093,18900.0
Voltas,Maroon,Semi Automatic Top Load,7.0,1300.0,4.3,121,1519,8734.0
Whirlpool,Grey,Fully Automatic Top Load,5.0,740.0,4.2,1363,19093,18900.0
Whirlpool,Red,Semi Automatic Top Load,8.0,740.0,4.5,13,154,12330.0
SAMSUNG,Grey,Fully Automatic Top Load,9.0,700.0,4.3,4479,57726,24990.0
Whirlpool,Grey,Fully Automatic Top Load,7.0,740.0,4.1,1230,16409,14990.0
Godrej,Purple,Semi Automatic Top Load,5.0,1400.0,4.2,53,592,11290.0
Haier,Multicolor,Semi Automatic Top Load,5.0,1200.0,4.2,78,1056,11590.0
MarQ,White,Semi Automatic Top Load,8.0,1350.0,4.1,3,58,5299.0
Whirlpool,Grey,Fully Automatic Top Load,6.0,740.0,4.2,1363,19093,13790.0
SAMSUNG,Grey,Fully Automatic Top Load,7.0,680.0,4.2,11,169,16340.0
Haier,Grey,Fully Automatic Top Load,5.0,1200.0,4.3,2106,23856,21990.0
Whirlpool,Grey,Semi Automatic Top Load,5.0,1400.0,4.4,1793,23365,10990.0
Godrej,Grey,Fully Automatic Top Load,7.0,720.0,4.3,146,1733,16990.0
SAMSUNG,Grey,Fully Automatic Top Load,9.0,1400.0,4.4,1533,17279,42990.0
Whirlpool,Grey,Fully Automatic Top Load,8.0,740.0,4.2,20,151,31990.0
Thomson,White,Semi Automatic Top Load,7.0,1400.0,4.0,1023,10907,8090.0
IFB,Grey,Fully Automatic Front Load,5.0,1000.0,4.3,218,2404,29960.0
SAMSUNG,Black,Fully Automatic Front Load,9.0,1400.0,4.4,1533,17279,39990.0
Whirlpool,Grey,Fully Automatic Top Load,7.0,740.0,4.0,13,187,26990.0
Lloyd,White,Semi Automatic Top Load,8.0,1300.0,4.3,117,1511,17590.0
Lloyd,White,Semi Automatic Top Load,5.0,1300.0,4.3,0,0,10900.0
IFB,Grey,Fully Automatic Front Load,8.0,1200.0,4.3,0,0,37290.0
ONIDA,White,Semi Automatic Top Load,5.0,1300.0,4.2,939,10314,7990.0
Whirlpool,Grey,Fully Automatic Top Load,5.0,740.0,4.2,1363,19093,16490.0
Whirlpool,Grey,Fully Automatic Front Load,8.0,740.0,5.0,1,6,34990.0
SAMSUNG,Grey,Semi Automatic Top Load,5.0,1300.0,4.0,1,43,15249.0
White,Grey,Fully Automatic Front Load,5.0,1200.0,3.9,91,548,27499.0
SAMSUNG,Grey,Fully Automatic Top Load,9.0,700.0,4.3,4479,57726,24990.0
Whirlpool,Grey,Fully Automatic Top Load,7.0,740.0,4.1,1230,16409,14990.0
LG,Silver,with Dryer Front Load,5.0,1200.0,4.4,20,188,49990.0
Haier,Grey,Fully Automatic Top Load,8.0,1200.0,4.3,0,0,22300.0
Haier,Black,Semi Automatic Top Load,7.0,1200.0,3.9,2,89,12399.0
Voltas,White,Semi Automatic Top Load,7.0,1300.0,4.2,5,81,11440.0
MarQ,White,Semi Automatic Top Load,8.0,1350.0,4.1,3,58,5299.0
Whirlpool,Grey,Fully Automatic Top Load,6.0,740.0,4.2,1363,19093,13790.0
IFB,Grey,Fully Automatic Front Load,6.0,1000.0,4.1,5,91,25490.0
SAMSUNG,Grey,Fully Automatic Top Load,0.0,1350.0,4.4,0,7,31000.0
SAMSUNG,Grey,Fully Automatic Top Load,9.0,1400.0,4.4,1533,17279,42990.0
Whirlpool,Grey,Fully Automatic Top Load,8.0,740.0,4.2,20,151,31990.0
White,White,Semi Automatic Top Load,7.0,1600.0,4.1,65,626,7490.0
ONIDA,Black,Fully Automatic Top Load,9.0,780.0,4.0,4,32,6999.0
SAMSUNG,Grey,Semi Automatic Top Load,5.0,1350.0,4.4,52,792,14800.0
LG,Silver,Fully Automatic Front Load,0.0,1300.0,4.5,72,1041,18499.0
SAMSUNG,Black,Fully Automatic Front Load,9.0,1400.0,4.4,1533,17279,39990.0
Whirlpool,Grey,Fully Automatic Top Load,7.0,740.0,4.0,13,187,26990.0
LG,Silver,Fully Automatic Front Load,7.0,1200.0,4.6,5,67,35990.0
BOSCH,Grey,Fully Automatic Front Load,8.0,1200.0,4.5,2,19,38594.0
Whirlpool,Grey,Fully Automatic Top Load,5.0,740.0,4.2,1363,19093,16490.0
Whirlpool,Grey,Fully Automatic Front Load,8.0,740.0,5.0,1,6,34990.0
Haier,Grey,Fully Automatic Top Load,6.0,1200.0,4.3,8,128,14594.0
Panasonic,Grey,Fully Automatic Front Load,8.0,702.0,4.25,0,0,34071.0
Haier,White,Fully Automatic Front Load,7.0,1200.0,4.2,11,104,27990.0
Voltas,White,Semi Automatic Top Load,4.0,1300.0,4.0,16,293,14939.0
SAMSUNG,Grey,Fully Automatic Top Load,9.0,700.0,4.3,4479,57726,24990.0
Whirlpool,Grey,Fully Automatic Top Load,7.0,740.0,4.1,1230,16409,14990.0
Thomson,Grey,Semi Automatic Top Load,5.0,1400.0,4.0,258,2276,9590.0
Whirlpool,Grey,Semi Automatic Top Load,5.0,1400.0,4.3,271,2987,16005.0
MarQ,White,Semi Automatic Top Load,8.0,1350.0,4.1,3,58,5299.0
Whirlpool,Grey,Fully Automatic Top Load,6.0,740.0,4.2,1363,19093,13790.0
SAMSUNG,Silver,Fully Automatic Top Load,5.0,680.0,4.4,4615,61859,14781.0
BOSCH,White,Fully Automatic Front Load,7.0,55.0,4.5,11,44,36890.0
Sansui,Maroon,Semi Automatic Top Load,5.0,1300.0,4.2,1379,15330,7690.0
IFB,Grey,Fully Automatic Front Load,5.0,1000.0,4.2,16,168,29950.0
SAMSUNG,Grey,Fully Automatic Top Load,9.0,1400.0,4.4,1533,17279,42990.0
Whirlpool,Grey,Fully Automatic Top Load,8.0,740.0,4.2,20,151,31990.0
Panasonic,Grey,Fully Automatic Top Load,2.0,702.0,3.8,1,9,17135.0
IFB,Silver,Fully Automatic Top Load,5.0,720.0,4.3,0,20,21990.0
SAMSUNG,Black,Fully Automatic Front Load,9.0,1400.0,4.4,1533,17279,39990.0
Whirlpool,Grey,Fully Automatic Top Load,7.0,740.0,4.0,13,187,26990.0
SAMSUNG,Grey,Fully Automatic Top Load,7.0,700.0,4.3,4479,57726,21930.0
IFB,Silver,Fully Automatic Front Load,6.5,1000.0,4.2,92,688,21090.0
Siemens,Silver,Fully Automatic Front Load,7.0,1200.0,4.7,7,48,28990.0
IFB,Grey,Fully Automatic Front Load,8.0,1000.0,4.4,197,1879,39350.0
SAMSUNG,Grey,Fully Automatic Top Load,9.0,700.0,4.3,4479,57726,24990.0
Whirlpool,Grey,Fully Automatic Top Load,7.0,740.0,4.1,1230,16409,14990.0
IFB,White,Fully Automatic Front Load,5.0,1000.0,4.2,92,688,19855.0
Panasonic,Grey,Fully Automatic Top Load,0.0,702.0,4.3,1073,10582,28490.0
MarQ,White,Semi Automatic Top Load,8.0,1350.0,4.1,3,58,5299.0
Whirlpool,Grey,Fully Automatic Top Load,6.0,740.0,4.2,1363,19093,13790.0
Whirlpool,Purple,Semi Automatic Top Load,5.0,1450.0,4.3,262,2771,13550.0
LG,Silver,Fully Automatic Top Load,5.0,700.0,4.3,61,817,20990.0
Haier,Multicolor,Semi Automatic Top Load,5.0,1200.0,4.4,3,42,15989.0
CANDY,Grey,Fully Automatic Top Load,7.0,800.0,4.4,22,216,12990.0
SAMSUNG,Grey,Fully Automatic Top Load,9.0,1400.0,4.4,1533,17279,42990.0
Whirlpool,Grey,Fully Automatic Top Load,8.0,740.0,4.2,20,151,31990.0
IFB,Grey,Fully Automatic Front Load,5.0,1000.0,4.3,200,2812,24990.0
White,Multicolor,Semi Automatic Top Load,5.0,1300.0,3.5,6,60,5490.0
SAMSUNG,Black,Fully Automatic Front Load,9.0,1400.0,4.4,1533,17279,39990.0
Whirlpool,Grey,Fully Automatic Top Load,7.0,740.0,4.0,13,187,26990.0
Whirlpool,Grey,Fully Automatic Top Load,5.0,740.0,4.4,4,31,15249.0
Thomson,White,Semi Automatic Top Load,0.0,1400.0,4.4,16,116,12490.0
BOSCH,Grey,Fully Automatic Front Load,9.0,1200.0,4.4,775,9098,44990.0
SAMSUNG,White,Semi Automatic Top Load,5.0,1300.0,4.2,7,86,14949.0
Whirlpool,Grey,Fully Automatic Top Load,5.0,740.0,4.2,1363,19093,16490.0
Whirlpool,Grey,Fully Automatic Front Load,8.0,740.0,5.0,1,6,34990.0
Whirlpool,Maroon,Fully Automatic Top Load,5.0,740.0,4.3,252,2760,18798.0
Voltas,White,Fully Automatic Front Load,5.0,1200.0,4.0,96,815,23990.0
SAMSUNG,Grey,Fully Automatic Top Load,9.0,700.0,4.3,4479,57726,24990.0
Whirlpool,Grey,Fully Automatic Top Load,7.0,740.0,4.1,1230,16409,14990.0
BOSCH,Grey,Fully Automatic Top Load,5.0,680.0,4.3,120,1254,21484.0
Whirlpool,Black,Semi Automatic Top Load,5.0,1400.0,4.2,0,0,18848.0
Whirlpool,Maroon,Semi Automatic Top Load,5.0,1450.0,4.3,30,437,13999.0
Whirlpool,Grey,Semi Automatic Top Load,9.0,1400.0,3.8,10,93,15499.0
MarQ,White,Semi Automatic Top Load,8.0,1350.0,4.1,3,58,5299.0
Whirlpool,Grey,Fully Automatic Top Load,6.0,740.0,4.2,1363,19093,13790.0
SAMSUNG,Grey,Fully Automatic Top Load,2.0,1350.0,4.4,77,730,56000.0
Whirlpool,Grey,Fully Automatic Top Load,5.0,740.0,4.2,1363,19093,14190.0
SAMSUNG,Grey,Fully Automatic Top Load,9.0,1400.0,4.4,1533,17279,42990.0
Whirlpool,Grey,Fully Automatic Top Load,8.0,740.0,4.2,20,151,31990.0
Whirlpool,Grey,Fully Automatic Top Load,5.0,740.0,4.2,8,102,14790.0
SAMSUNG,Grey,Fully Automatic Top Load,9.0,700.0,4.1,4,38,25500.0
Godrej,Grey,Fully Automatic Top Load,5.0,1400.0,4.1,0,22,17490.0
Equator,Beige,Fully Automatic Top Load,2.0,53.0,4.1,1,9,16990.0
SAMSUNG,Black,Fully Automatic Front Load,9.0,1400.0,4.4,1533,17279,39990.0
Whirlpool,Grey,Fully Automatic Top Load,7.0,740.0,4.0,13,187,26990.0
BOSCH,Grey,Fully Automatic Front Load,9.0,1400.0,4.4,0,0,46990.0
LG,Grey,Fully Automatic Front Load,8.0,1200.0,4.5,8,81,38490.0
Whirlpool,Grey,Fully Automatic Top Load,5.0,740.0,4.2,1363,19093,16490.0
Whirlpool,Grey,Fully Automatic Front Load,8.0,740.0,5.0,1,6,34990.0
Haier,Silver,Fully Automatic Front Load,7.0,1200.0,4.2,1,25,33994.0
Lloyd,Grey,Semi Automatic Top Load,5.0,1350.0,4.1,8,102,10499.0
LG,Black,Fully Automatic Top Load,0.0,1200.0,4.4,21,307,31599.0
SAMSUNG,Grey,Fully Automatic Top Load,9.0,1400.0,4.4,77,730,42490.0
SAMSUNG,Grey,Fully Automatic Top Load,9.0,700.0,4.3,4479,57726,24990.0
Whirlpool,Grey,Fully Automatic Top Load,7.0,740.0,4.1,1230,16409,14990.0
IFB,Grey,Fully Automatic Front Load,8.0,720.0,4.3,1538,18564,26300.0
Thomson,Grey,Fully Automatic Top Load,9.0,700.0,3.9,119,760,16990.0
MarQ,White,Semi Automatic Top Load,8.0,1350.0,4.1,3,58,5299.0
Whirlpool,Grey,Fully Automatic Top Load,6.0,740.0,4.2,1363,19093,13790.0
MarQ,Maroon,Semi Automatic Top Load,5.0,1350.0,4.3,1008,7037,11299.0
Thomson,Grey,Semi Automatic Top Load,8.0,1400.0,4.0,0,0,9499.0
Lloyd,White,Semi Automatic Top Load,8.0,1300.0,4.3,117,1511,11490.0
IFB,Grey,Fully Automatic Front Load,5.0,1400.0,4.4,118,1011,42290.0
SAMSUNG,Grey,Fully Automatic Top Load,9.0,1400.0,4.4,1533,17279,42990.0
Whirlpool,Grey,Fully Automatic Top Load,8.0,740.0,4.2,20,151,31990.0
SAMSUNG,Grey,Fully Automatic Top Load,6.0,1400.0,4.4,0,0,65999.0
Whirlpool,Grey,Fully Automatic Top Load,7.0,740.0,4.2,1363,19093,14990.0
SAMSUNG,Black,Fully Automatic Front Load,9.0,1400.0,4.4,1533,17279,39990.0
Whirlpool,Grey,Fully Automatic Top Load,7.0,740.0,4.0,13,187,26990.0
Motorola,Unknown,Fully Automatic Front Load,5.0,1000.0,4.1,911,6632,26690.0
MOTOROLA,Black,Semi Automatic Top Load,5.0,1350.0,4.2,99,1299,8490.0
SAMSUNG,Grey,Fully Automatic Top Load,7.0,700.0,4.3,1119,15958,22490.0
Whirlpool,Grey,Semi Automatic Top Load,5.0,1400.0,4.2,31,311,20490.0
Whirlpool,Grey,Fully Automatic Top Load,5.0,740.0,4.2,1363,19093,16490.0
Whirlpool,Grey,Fully Automatic Front Load,8.0,740.0,5.0,1,6,34990.0
Panasonic,Green,Fully Automatic Top Load,8.0,702.0,4.25,0,0,24060.0
Voltas,Multicolor,Semi Automatic Top Load,9.0,1350.0,4.1,6,84,13139.0
SAMSUNG,Grey,Fully Automatic Top Load,9.0,700.0,4.3,4479,57726,24990.0
Whirlpool,Grey,Fully Automatic Top Load,7.0,740.0,4.1,1230,16409,14990.0
Lloyd,White,Semi Automatic Top Load,8.0,1300.0,4.3,117,1511,11490.0
Godrej,Red,Semi Automatic Top Load,5.0,1400.0,4.1,4,29,13390.0
BOSCH,Silver,Fully Automatic Front Load,7.0,1200.0,3.8,2,20,33479.0
Thomson,Grey,Fully Automatic Top Load,5.0,840.0,4.0,289,1730,11999.0
MarQ,White,Semi Automatic Top Load,8.0,1350.0,4.1,3,58,5299.0
Whirlpool,Grey,Fully Automatic Top Load,6.0,740.0,4.2,1363,19093,13790.0
White,Grey,Semi Automatic Top Load,5.0,1600.0,4.1,65,626,10990.0
BOSCH,Grey,Fully Automatic Front Load,8.0,1200.0,4.4,0,0,38290.0
SAMSUNG,Grey,Fully Automatic Top Load,9.0,1400.0,4.4,1533,17279,42990.0
Whirlpool,Grey,Fully Automatic Top Load,8.0,740.0,4.2,20,151,31990.0
Thomson,White,Semi Automatic Top Load,8.0,1400.0,4.0,258,2276,9490.0
Siemens,White,Fully Automatic Front Load,6.0,1400.0,4.7,0,0,97990.0
BOSCH,Silver,Fully Automatic Top Load,7.0,1200.0,3.8,0,5,22499.0
Godrej,Grey,Fully Automatic Top Load,5.0,1300.0,4.3,0,0,14489.0
SAMSUNG,Black,Fully Automatic Front Load,9.0,1400.0,4.4,1533,17279,39990.0
Whirlpool,Grey,Fully Automatic Top Load,7.0,740.0,4.0,13,187,26990.0
Godrej,White,Semi Automatic Top Load,9.0,1400.0,4.3,146,2219,14790.0
Haier,Silver,Fully Automatic Top Load,5.0,1200.0,5.0,1,3,22994.0
Whirlpool,Grey,Fully Automatic Top Load,5.0,740.0,4.2,1363,19093,16490.0
Whirlpool,Grey,Fully Automatic Front Load,8.0,740.0,5.0,1,6,34990.0
Voltas,White,Semi Automatic Top Load,9.0,1300.0,4.1,3,57,12317.0
Godrej,White,Semi Automatic Top Load,2.0,1440.0,4.1,2,47,16990.0
Voltas,Multicolor,Semi Automatic Top Load,9.0,1300.0,4.1,3,57,12947.0
Thomson,Grey,Fully Automatic Top Load,8.0,840.0,4.0,289,1730,12499.0
SAMSUNG,Grey,Fully Automatic Top Load,9.0,700.0,4.3,4479,57726,24990.0
Whirlpool,Grey,Fully Automatic Top Load,7.0,740.0,4.1,1230,16409,14990.0
BOSCH,Grey,Fully Automatic Front Load,9.0,1400.0,4.4,0,0,46990.0
Voltas,Maroon,Semi Automatic Top Load,7.0,1300.0,4.0,22,311,8835.0
MarQ,White,Semi Automatic Top Load,8.0,1350.0,4.1,3,58,5299.0
Whirlpool,Grey,Fully Automatic Top Load,6.0,740.0,4.2,1363,19093,13790.0
IFB,Brown,Fully Automatic Front Load,8.0,1200.0,4.0,2,21,37699.0
Whirlpool,Grey,Fully Automatic Top Load,5.0,740.0,4.0,18,213,24140.0
LG,Silver,Fully Automatic Top Load,7.0,1200.0,4.4,0,0,20800.0
IFB,Silver,Fully Automatic Front Load,8.0,1000.0,4.3,0,0,39390.0
SAMSUNG,Grey,Fully Automatic Top Load,9.0,1400.0,4.4,1533,17279,42990.0
Whirlpool,Grey,Fully Automatic Top Load,8.0,740.0,4.2,20,151,31990.0
LG,Silver,Fully Automatic Front Load,7.0,1200.0,4.6,5,67,35890.0
Voltas,Maroon,Semi Automatic Top Load,4.0,1300.0,4.0,16,293,14879.0
SAMSUNG,Black,Fully Automatic Front Load,9.0,1400.0,4.4,1533,17279,39990.0
Whirlpool,Grey,Fully Automatic Top Load,7.0,740.0,4.0,13,187,26990.0
Godrej,Grey,Fully Automatic Top Load,5.0,670.0,3.8,7,52,16490.0
SAMSUNG,Red,Semi Automatic Top Load,5.0,1350.0,5.0,0,5,20290.0
IFB,Grey,Fully Automatic Front Load,8.0,1000.0,4.3,0,0,33990.0
BOSCH,Grey,Fully Automatic Top Load,9.0,680.0,4.3,120,1254,27290.0
SAMSUNG,Grey,Fully Automatic Top Load,9.0,700.0,4.3,4479,57726,24990.0
Whirlpool,Grey,Fully Automatic Top Load,7.0,740.0,4.1,1230,16409,14990.0
Godrej,Black,Semi Automatic Top Load,8.0,1400.0,4.6,1,19,13219.0
IFB,Grey,Fully Automatic Top Load,9.0,1000.0,4.3,0,0,38000.0
MarQ,White,Semi Automatic Top Load,8.0,1350.0,4.1,3,58,5299.0
Whirlpool,Grey,Fully Automatic Top Load,6.0,740.0,4.2,1363,19093,13790.0
Godrej,Silver,Fully Automatic Front Load,8.0,1400.0,3.2,0,5,33994.0
LG,Silver,Fully Automatic Front Load,7.0,1200.0,4.6,5,67,37490.0
BOSCH,White,Fully Automatic Front Load,6.0,1200.0,4.4,3,40,56990.0
Lloyd,White,Semi Automatic Top Load,8.0,1300.0,4.3,0,0,13500.0
SAMSUNG,Grey,Fully Automatic Top Load,9.0,1400.0,4.4,1533,17279,42990.0
Whirlpool,Grey,Fully Automatic Top Load,8.0,740.0,4.2,20,151,31990.0
BOSCH,Maroon,Fully Automatic Top Load,8.0,1200.0,4.4,0,0,31990.0
BOSCH,Red,Fully Automatic Top Load,8.0,1200.0,4.4,0,0,31990.0
SAMSUNG,Black,Fully Automatic Front Load,9.0,1400.0,4.4,1533,17279,39990.0
Whirlpool,Grey,Fully Automatic Top Load,7.0,740.0,4.0,13,187,26990.0
BOSCH,Grey,Fully Automatic Front Load,9.0,1200.0,4.4,775,9098,43940.0
TCL,Grey,Fully Automatic Top Load,5.0,700.0,4.0,5,70,12490.0
Panasonic,Silver,Fully Automatic Front Load,7.0,1400.0,3.3,0,4,28690.0
LG,Silver,Fully Automatic Top Load,8.0,1200.0,4.4,0,0,25990.0
Whirlpool,Grey,Fully Automatic Top Load,5.0,740.0,4.2,1363,19093,16490.0
Whirlpool,Grey,Fully Automatic Front Load,8.0,740.0,5.0,1,6,34990.0
Godrej,Brown,Fully Automatic Top Load,7.0,700.0,4.3,19,159,20990.0
Voltas,Maroon,Semi Automatic Top Load,4.0,1300.0,4.0,16,293,14747.0
SAMSUNG,Grey,Fully Automatic Top Load,9.0,700.0,4.3,4479,57726,24990.0
Whirlpool,Grey,Fully Automatic Top Load,7.0,740.0,4.1,1230,16409,14990.0
Whirlpool,Grey,Fully Automatic Top Load,7.0,740.0,4.2,0,0,15490.0
BOSCH,Grey,Fully Automatic Front Load,8.0,1400.0,4.4,0,0,36490.0
ONIDA,Red,Fully Automatic Top Load,8.0,780.0,4.2,87,304,16990.0
Lloyd,Grey,Fully Automatic Top Load,7.0,680.0,4.3,0,0,18684.0
MarQ,White,Semi Automatic Top Load,8.0,1350.0,4.1,3,58,5299.0
Whirlpool,Grey,Fully Automatic Top Load,6.0,740.0,4.2,1363,19093,13790.0
Panasonic,Grey,Semi Automatic Top Load,0.0,702.0,4.1,0,7,18290.0
Panasonic,Grey,Semi Automatic Top Load,0.0,702.0,4.1,0,7,17750.0
SAMSUNG,Grey,Fully Automatic Top Load,9.0,1400.0,4.4,1533,17279,42990.0
Whirlpool,Grey,Fully Automatic Top Load,8.0,740.0,4.2,20,151,31990.0
ONIDA,White,Semi Automatic Top Load,1.0,1300.0,4.3,6,71,15590.0
Panasonic,Grey,Fully Automatic Top Load,1.0,702.0,4.25,0,0,31490.0
Panasonic,Grey,Fully Automatic Top Load,7.0,702.0,4.3,35,242,16990.0
BOSCH,White,Fully Automatic Front Load,7.0,1200.0,4.5,4,11,32690.0
SAMSUNG,Black,Fully Automatic Front Load,9.0,1400.0,4.4,1533,17279,39990.0
Whirlpool,Grey,Fully Automatic Top Load,7.0,740.0,4.0,13,187,26990.0
IFB,Grey,Fully Automatic Front Load,6.0,1000.0,4.4,28,327,29990.0
SAMSUNG,Purple,Fully Automatic Top Load,7.0,700.0,4.5,6,39,25990.0
Whirlpool,Grey,Fully Automatic Top Load,5.0,740.0,4.2,1363,19093,16490.0
Whirlpool,Grey,Fully Automatic Front Load,8.0,740.0,5.0,1,6,34990.0
Whirlpool,Silver,Semi Automatic Top Load,5.0,740.0,4.2,9,162,13570.0
Godrej,Grey,Fully Automatic Top Load,5.0,700.0,4.3,19,159,19990.0
Midea,White,Semi Automatic Top Load,7.0,1350.0,4.1,6,62,7890.0
IFB,Grey,Fully Automatic Front Load,5.0,1000.0,4.4,1075,7874,29750.0
SAMSUNG,Grey,Fully Automatic Top Load,9.0,700.0,4.3,4479,57726,24990.0
Whirlpool,Grey,Fully Automatic Top Load,7.0,740.0,4.1,1230,16409,14990.0
ONIDA,White,Semi Automatic Top Load,8.0,1450.0,4.2,0,0,12999.0
SAMSUNG,Brown,Fully Automatic Top Load,7.0,700.0,4.4,0,0,23849.0
MarQ,White,Semi Automatic Top Load,8.0,1350.0,4.1,3,58,5299.0
Whirlpool,Grey,Fully Automatic Top Load,6.0,740.0,4.2,1363,19093,13790.0
BOSCH,Grey,Fully Automatic Top Load,7.0,680.0,4.1,0,19,21880.0
IFB,Grey,Fully Automatic Front Load,7.0,1000.0,4.2,16,168,29990.0
IFB,Grey,Fully Automatic Front Load,8.0,1000.0,4.0,2,21,37699.0
IFB,Grey,Fully Automatic Front Load,7.0,1000.0,4.2,1,11,32290.0
SAMSUNG,Grey,Fully Automatic Top Load,9.0,1400.0,4.4,1533,17279,42990.0
Whirlpool,Grey,Fully Automatic Top Load,8.0,740.0,4.2,20,151,31990.0
Lloyd,White,Semi Automatic Top Load,5.0,1300.0,4.7,0,3,14339.0
SAMSUNG,Black,Fully Automatic Top Load,7.0,1350.0,4.5,1,6,18999.0
SAMSUNG,Black,Fully Automatic Front Load,9.0,1400.0,4.4,1533,17279,39990.0
Whirlpool,Grey,Fully Automatic Top Load,7.0,740.0,4.0,13,187,26990.0
LG,White,Semi Automatic Top Load,7.0,1200.0,4.4,43,749,13999.0
IFB,Grey,Fully Automatic Top Load,7.0,1000.0,4.3,0,0,20999.0
Lloyd,Maroon,Semi Automatic Top Load,7.0,1300.0,4.2,3,28,8690.0
BOSCH,Maroon,Fully Automatic Top Load,9.0,1200.0,4.4,0,0,32900.0
Whirlpool,Grey,Fully Automatic Top Load,5.0,740.0,4.2,1363,19093,16490.0
Whirlpool,Grey,Fully Automatic Front Load,8.0,740.0,5.0,1,6,34990.0
Godrej,Grey,Semi Automatic Top Load,7.0,1400.0,4.3,0,0,13900.0
Lloyd,White,Semi Automatic Top Load,9.0,1300.0,3.0,0,4,15380.0
SAMSUNG,Grey,Fully Automatic Top Load,9.0,700.0,4.3,4479,57726,24990.0
Whirlpool,Grey,Fully Automatic Top Load,7.0,740.0,4.1,1230,16409,14990.0
LG,Silver,Fully Automatic Front Load,7.0,1200.0,4.5,253,2919,30990.0
Godrej,Grey,Fully Automatic Top Load,7.0,700.0,4.3,19,159,20386.0
Voltas,Grey,Fully Automatic Front Load,7.0,1300.0,4.1,0,0,16099.0
BOSCH,White,Fully Automatic Top Load,5.0,1200.0,4.3,1,10,22800.0
MarQ,White,Semi Automatic Top Load,8.0,1350.0,4.1,3,58,5299.0
Whirlpool,Grey,Fully Automatic Top Load,6.0,740.0,4.2,1363,19093,13790.0
Voltas,Blue,Semi Automatic Top Load,5.0,1300.0,4.0,1,11,11860.0
Panasonic,Grey,Fully Automatic Top Load,5.0,702.0,4.2,9,72,24237.0
SAMSUNG,Grey,Fully Automatic Top Load,9.0,1400.0,4.4,1533,17279,42990.0
Whirlpool,Grey,Fully Automatic Top Load,8.0,740.0,4.2,20,151,31990.0
BOSCH,Grey,Fully Automatic Front Load,8.0,1400.0,4.4,0,0,36490.0
DMR,Grey,Fully Automatic Top Load,4.0,300.0,3.2,0,0,12990.0
SAMSUNG,Black,Fully Automatic Top Load,5.0,1350.0,3.3,0,3,25990.0
SAMSUNG,Silver,Fully Automatic Top Load,5.0,700.0,4.4,4615,61859,16990.0
SAMSUNG,Black,Fully Automatic Front Load,9.0,1400.0,4.4,1533,17279,39990.0
Whirlpool,Grey,Fully Automatic Top Load,7.0,740.0,4.0,13,187,26990.0
Voltas,White,Semi Automatic Top Load,8.0,1350.0,4.1,0,0,15830.0
Whirlpool,Grey,Semi Automatic Top Load,5.0,740.0,3.9,0,8,16840.0
Whirlpool,Grey,Fully Automatic Top Load,5.0,740.0,4.2,1363,19093,16490.0
Whirlpool,Grey,Fully Automatic Front Load,8.0,740.0,5.0,1,6,34990.0
Haier,White,Semi Automatic Top Load,5.0,1300.0,4.2,78,1056,22900.0
Haier,Grey,Semi Automatic Top Load,0.0,1300.0,4.3,76,1343,23500.0
Lloyd,Black,Semi Automatic Top Load,0.0,1400.0,4.3,0,0,17430.0
SAMSUNG,Grey,Semi Automatic Top Load,5.0,1350.0,4.9,0,8,14390.0
SAMSUNG,Grey,Fully Automatic Top Load,9.0,700.0,4.3,4479,57726,24990.0
Whirlpool,Grey,Fully Automatic Top Load,7.0,740.0,4.1,1230,16409,14990.0
SAMSUNG,Grey,Fully Automatic Front Load,5.0,1200.0,3.9,1,15,36000.0
LG,White,Semi Automatic Top Load,5.0,1300.0,4.4,255,3100,14399.0
MarQ,White,Semi Automatic Top Load,8.0,1350.0,4.1,3,58,5299.0
Whirlpool,Grey,Fully Automatic Top Load,6.0,740.0,4.2,1363,19093,13790.0
Lloyd,Red,Semi Automatic Top Load,8.0,1300.0,4.5,22,222,13994.0
Panasonic,Blue,Semi Automatic Top Load,7.0,702.0,4.25,0,0,13649.0
ONIDA,Maroon,Semi Automatic Top Load,5.0,1350.0,4.3,1,7,15979.0
Equator,Beige,Fully Automatic Top Load,6.0,53.0,2.5,2,4,18990.0
SAMSUNG,Grey,Fully Automatic Top Load,9.0,1400.0,4.4,1533,17279,42990.0
Whirlpool,Grey,Fully Automatic Top Load,8.0,740.0,4.2,20,151,31990.0
Godrej,White,Semi Automatic Top Load,2.0,1440.0,4.0,1,4,12118.0
realme,Grey,Fully Automatic Top Load,5.0,700.0,4.0,415,3799,11290.0
SAMSUNG,Black,Fully Automatic Front Load,9.0,1400.0,4.4,1533,17279,39990.0
Whirlpool,Grey,Fully Automatic Top Load,7.0,740.0,4.0,13,187,26990.0
MarQ,Grey,Fully Automatic Top Load,5.0,700.0,4.2,194,1397,11490.0
LG,Grey,Fully Automatic Top Load,9.0,1200.0,4.0,0,5,29950.0
SAMSUNG,White,Fully Automatic Front Load,7.0,1350.0,4.4,0,0,36900.0
SAMSUNG,White,Semi Automatic Top Load,5.0,1300.0,4.2,8,137,16200.0
SAMSUNG,Grey,Fully Automatic Top Load,9.0,700.0,4.3,4479,57726,24990.0
Whirlpool,Grey,Fully Automatic Top Load,7.0,740.0,4.1,1230,16409,14990.0
Whirlpool,White,Fully Automatic Front Load,8.0,1200.0,4.0,13,187,31990.0
Panasonic,White,Fully Automatic Top Load,5.0,1400.0,4.25,0,0,45990.0
MarQ,White,Semi Automatic Top Load,8.0,1350.0,4.1,3,58,5299.0
Whirlpool,Grey,Fully Automatic Top Load,6.0,740.0,4.2,1363,19093,13790.0
MOTOROLA,Black,Semi Automatic Top Load,7.0,1350.0,4.2,99,1299,8390.0
Lloyd,Grey,Fully Automatic Top Load,7.0,680.0,4.2,31,344,19457.0
Whirlpool,Grey,Semi Automatic Top Load,5.0,1400.0,4.4,561,6237,10040.0
IFB,Grey,Fully Automatic Front Load,9.0,1000.0,4.3,0,0,37990.0
SAMSUNG,Grey,Fully Automatic Top Load,9.0,1400.0,4.4,1533,17279,42990.0
Whirlpool,Grey,Fully Automatic Top Load,8.0,740.0,4.2,20,151,31990.0
Godrej,Purple,Semi Automatic Top Load,8.0,1400.0,4.4,58,576,13390.0
BOSCH,White,Fully Automatic Front Load,8.0,1400.0,4.5,11,44,42999.0
SAMSUNG,Black,Fully Automatic Front Load,9.0,1400.0,4.4,1533,17279,39990.0
Whirlpool,Grey,Fully Automatic Top Load,7.0,740.0,4.0,13,187,26990.0
Whirlpool,Grey,Fully Automatic Top Load,7.0,740.0,4.2,0,0,15000.0
Haier,Grey,Fully Automatic Top Load,7.0,1200.0,3.0,0,3,16985.0
Lloyd,Orange,Semi Automatic Top Load,9.0,1300.0,4.5,22,222,15530.0
ONIDA,Grey,Fully Automatic Top Load,7.0,700.0,4.2,4648,40435,14990.0
Whirlpool,Grey,Fully Automatic Top Load,5.0,740.0,4.2,1363,19093,16490.0
Whirlpool,Grey,Fully Automatic Front Load,8.0,740.0,5.0,1,6,34990.0
LG,Black,Fully Automatic Front Load,9.0,1200.0,4.4,0,0,66990.0
Godrej,Grey,Fully Automatic Top Load,6.0,720.0,4.3,933,8625,15594.0
SAMSUNG,Grey,Fully Automatic Top Load,9.0,700.0,4.3,4479,57726,24990.0
Whirlpool,Grey,Fully Automatic Top Load,7.0,740.0,4.1,1230,16409,14990.0
SAMSUNG,Brown,Fully Automatic Top Load,8.0,700.0,4.4,0,5,27000.0
White,Grey,Semi Automatic Top Load,5.0,1600.0,4.1,65,626,7499.0
SAMSUNG,Grey,Fully Automatic Front Load,7.0,1200.0,4.4,0,0,33933.0
Lloyd,Purple,Semi Automatic Top Load,8.0,1300.0,4.3,0,0,13990.0
MarQ,White,Semi Automatic Top Load,8.0,1350.0,4.1,3,58,5299.0
Whirlpool,Grey,Fully Automatic Top Load,6.0,740.0,4.2,1363,19093,13790.0
Voltas,Blue,Semi Automatic Top Load,5.0,1300.0,4.3,65,572,12348.0
Haier,Grey,Fully Automatic Top Load,5.0,1200.0,4.7,0,3,15994.0
SAMSUNG,Grey,Fully Automatic Top Load,9.0,1400.0,4.4,1533,17279,42990.0
Whirlpool,Grey,Fully Automatic Top Load,8.0,740.0,4.2,20,151,31990.0
Lloyd,Grey,Semi Automatic Top Load,9.0,1350.0,4.3,117,1511,20490.0
Godrej,Red,Semi Automatic Top Load,2.0,1400.0,4.2,1,13,11668.0
Whirlpool,Grey,Fully Automatic Top Load,7.0,740.0,4.2,18,166,16370.0
Lloyd,Grey,Fully Automatic Top Load,5.0,680.0,4.3,0,0,29990.0
SAMSUNG,Black,Fully Automatic Front Load,9.0,1400.0,4.4,1533,17279,39990.0
Whirlpool,Grey,Fully Automatic Top Load,7.0,740.0,4.0,13,187,26990.0
IFB,Grey,Fully Automatic Top Load,5.0,1000.0,4.3,0,0,20100.0
Whirlpool,Maroon,Fully Automatic Top Load,7.0,740.0,4.2,0,0,17700.0
Whirlpool,Grey,Fully Automatic Top Load,5.0,740.0,4.2,1363,19093,16490.0
Whirlpool,Grey,Fully Automatic Front Load,8.0,740.0,5.0,1,6,34990.0
Panasonic,Blue,Semi Automatic Top Load,5.0,1350.0,4.3,490,5477,9590.0
LG,Silver,Fully Automatic Top Load,9.0,1200.0,4.2,3,12,30499.0
Siemens,Silver,Fully Automatic Front Load,8.0,45.0,5.0,1,3,63690.0
Panasonic,White,Semi Automatic Top Load,5.0,702.0,4.25,0,0,16080.0
SAMSUNG,Grey,Fully Automatic Top Load,9.0,700.0,4.3,4479,57726,24990.0
Whirlpool,Grey,Fully Automatic Top Load,7.0,740.0,4.1,1230,16409,14990.0
Voltas,White,Semi Automatic Top Load,5.0,1300.0,4.8,0,6,12990.0
Siemens,Silver,Fully Automatic Front Load,7.0,1000.0,4.7,0,0,32429.0
MarQ,White,Semi Automatic Top Load,8.0,1350.0,4.1,3,58,5299.0
Whirlpool,Grey,Fully Automatic Top Load,6.0,740.0,4.2,1363,19093,13790.0
Thomson,White,Semi Automatic Top Load,7.0,780.0,4.1,190,1692,5790.0
Thomson,Black,Semi Automatic Top Load,5.0,1120.0,4.0,1023,10907,8999.0
SAMSUNG,Black,Fully Automatic Top Load,9.0,1350.0,4.1,4,38,22490.0
TOSHIBA,White,Fully Automatic Front Load,7.0,1200.0,2.4,1,5,34990.0
SAMSUNG,Grey,Fully Automatic Top Load,9.0,1400.0,4.4,1533,17279,42990.0
Whirlpool,Grey,Fully Automatic Top Load,8.0,740.0,4.2,20,151,31990.0
ONIDA,Black,Semi Automatic Top Load,5.0,1350.0,3.7,1,7,14080.0
SAMSUNG,Black,Fully Automatic Front Load,1.0,1400.0,4.4,0,0,53000.0
SAMSUNG,Black,Fully Automatic Front Load,9.0,1400.0,4.4,1533,17279,39990.0
Whirlpool,Grey,Fully Automatic Top Load,7.0,740.0,4.0,13,187,26990.0
Lloyd,White,Semi Automatic Top Load,5.0,1300.0,4.3,117,1511,12634.0
LG,Silver,Fully Automatic Front Load,7.0,1200.0,4.3,9,86,35490.0
Lloyd,Pink,Semi Automatic Top Load,9.0,1300.0,3.8,1,8,15990.0
Godrej,Red,Semi Automatic Top Load,2.0,1400.0,4.2,1,13,11668.0
Whirlpool,Grey,Fully Automatic Top Load,5.0,740.0,4.2,1363,19093,16490.0
Whirlpool,Grey,Fully Automatic Front Load,8.0,740.0,5.0,1,6,34990.0
Whirlpool,Red,Semi Automatic Top Load,5.0,1450.0,4.4,643,5544,12499.0
Thomson,Grey,Fully Automatic Top Load,5.0,720.0,4.0,67,489,14499.0
SAMSUNG,Grey,Fully Automatic Top Load,9.0,700.0,4.3,4479,57726,24990.0
Whirlpool,Grey,Fully Automatic Top Load,7.0,740.0,4.1,1230,16409,14990.0
SAMSUNG,Black,Fully Automatic Front Load,8.0,1350.0,4.4,6,43,43990.0
BOSCH,Silver,Fully Automatic Top Load,9.0,1200.0,4.4,0,0,41890.0
LG,Grey,Fully Automatic Top Load,8.0,740.0,4.0,1,43,29490.0
Voltas,White,Semi Automatic Top Load,5.0,1300.0,4.7,0,3,12990.0
MarQ,White,Semi Automatic Top Load,8.0,1350.0,4.1,3,58,5299.0
Whirlpool,Grey,Fully Automatic Top Load,6.0,740.0,4.2,1363,19093,13790.0
CANDY,White,Semi Automatic Top Load,8.0,1300.0,4.2,87,813,10990.0
Lloyd,Grey,Fully Automatic Top Load,7.0,1300.0,4.3,0,0,17999.0
SAMSUNG,Grey,Fully Automatic Top Load,9.0,1400.0,4.4,1533,17279,42990.0
Whirlpool,Grey,Fully Automatic Top Load,8.0,740.0,4.2,20,151,31990.0
Thomson,Grey,Semi Automatic Top Load,5.0,1400.0,4.0,258,2276,10990.0
Haier,Black,Fully Automatic Top Load,9.0,650.0,4.3,0,0,23900.0
Kelvinator,Grey,Semi Automatic Top Load,5.0,,,0,0,12189.0
Lloyd,Silver,Fully Automatic Front Load,8.0,1400.0,3.8,0,4,32599.0
SAMSUNG,Black,Fully Automatic Front Load,9.0,1400.0,4.4,1533,17279,39990.0
Whirlpool,Grey,Fully Automatic Top Load,7.0,740.0,4.0,13,187,26990.0
TOSHIBA,Silver,Fully Automatic Front Load,8.0,1400.0,2.4,0,0,43490.0
Voltas,Grey,Semi Automatic Top Load,2.0,1300.0,4.1,0,15,14699.0
Whirlpool,Grey,Fully Automatic Top Load,5.0,740.0,4.2,1363,19093,16490.0
Whirlpool,Grey,Fully Automatic Front Load,8.0,740.0,5.0,1,6,34990.0
Panasonic,Grey,Fully Automatic Top Load,8.0,702.0,4.25,0,0,24394.0
Lloyd,White,Fully Automatic Front Load,6.0,1000.0,4.3,0,0,25490.0
Godrej,Blue,Semi Automatic Top Load,7.0,1440.0,4.2,24,243,10800.0
SAMSUNG,Black,Fully Automatic Top Load,1.0,1350.0,4.4,0,0,42000.0
SAMSUNG,Grey,Fully Automatic Top Load,9.0,700.0,4.3,4479,57726,24990.0
Whirlpool,Grey,Fully Automatic Top Load,7.0,740.0,4.1,1230,16409,14990.0
Haier,Silver,Fully Automatic Front Load,9.0,1200.0,4.3,0,0,39990.0
Godrej,Grey,Fully Automatic Top Load,5.0,1400.0,4.3,0,0,15900.0
MarQ,White,Semi Automatic Top Load,8.0,1350.0,4.1,3,58,5299.0
Whirlpool,Grey,Fully Automatic Top Load,6.0,740.0,4.2,1363,19093,13790.0
STARSHINE,Grey,Semi Automatic Top Load,9.0,,,0,0,12599.0
Lloyd,Grey,Semi Automatic Top Load,5.0,1300.0,3.7,2,9,13290.0
Whirlpool,Grey,Fully Automatic Top Load,7.0,740.0,4.0,0,4,16999.0
BOSCH,White,Fully Automatic Front Load,7.0,1000.0,4.7,0,3,32295.0
SAMSUNG,Grey,Fully Automatic Top Load,9.0,1400.0,4.4,1533,17279,42990.0
Whirlpool,Grey,Fully Automatic Top Load,8.0,740.0,4.2,20,151,31990.0
Whirlpool,Grey,Fully Automatic Top Load,5.0,740.0,4.2,153,1478,18980.0
BOSCH,White,Fully Automatic Front Load,6.0,1200.0,4.0,1,8,29474.0
SAMSUNG,Black,Fully Automatic Front Load,9.0,1400.0,4.4,1533,17279,39990.0
Whirlpool,Grey,Fully Automatic Top Load,7.0,740.0,4.0,13,187,26990.0
SAMSUNG,Grey,Semi Automatic Top Load,9.0,1300.0,4.2,1,9,13447.0
Whirlpool,Grey,Fully Automatic Top Load,7.0,740.0,4.2,0,0,19150.0
Haier,Silver,Fully Automatic Front Load,8.0,1200.0,4.3,0,0,42500.0
Panasonic,Silver,Fully Automatic Top Load,5.0,702.0,4.25,0,0,45900.0
SAMSUNG,Grey,Fully Automatic Top Load,9.0,700.0,4.3,4479,57726,24990.0
Whirlpool,Grey,Fully Automatic Top Load,7.0,740.0,4.1,1230,16409,14990.0
TOSHIBA,Silver,Fully Automatic Front Load,7.0,1200.0,2.4,0,0,32500.0
Electrolux,White,Fully Automatic Front Load,5.0,1200.0,2.8,1,6,51990.0
MarQ,White,Semi Automatic Top Load,8.0,1350.0,4.1,3,58,5299.0
Whirlpool,Grey,Fully Automatic Top Load,6.0,740.0,4.2,1363,19093,13790.0
Lloyd,Blue,Semi Automatic Top Load,7.0,600.0,4.5,2,36,11895.0
IFB,Brown,Fully Automatic Front Load,0.0,1000.0,4.3,0,0,45724.0
Godrej,Grey,Fully Automatic Top Load,5.0,700.0,4.3,0,0,14799.0
Whirlpool,Silver,Fully Automatic Front Load,7.0,740.0,4.2,0,0,30990.0
SAMSUNG,Grey,Fully Automatic Top Load,9.0,1400.0,4.4,1533,17279,42990.0
Whirlpool,Grey,Fully Automatic Top Load,8.0,740.0,4.2,20,151,31990.0
LG,Blue,Semi Automatic Top Load,5.0,1200.0,4.4,0,0,14999.0
White,Grey,Semi Automatic Top Load,9.0,1400.0,3.8,7,84,10999.0
SAMSUNG,Black,Fully Automatic Front Load,9.0,1400.0,4.4,1533,17279,39990.0
Whirlpool,Grey,Fully Automatic Top Load,7.0,740.0,4.0,13,187,26990.0
Panasonic,Silver,Fully Automatic Top Load,5.0,702.0,4.25,0,0,20420.0
IFB,Silver,Fully Automatic Top Load,5.0,1000.0,4.4,0,20,31147.0
Panasonic,Blue,Semi Automatic Top Load,8.0,1300.0,4.1,17,158,14294.0
Haier,Pink,Semi Automatic Top Load,8.0,1300.0,4.3,139,1352,12990.0
Whirlpool,Grey,Fully Automatic Top Load,5.0,740.0,4.2,1363,19093,16490.0
Whirlpool,Grey,Fully Automatic Front Load,8.0,740.0,5.0,1,6,34990.0
TOSHIBA,Silver,Fully Automatic Front Load,7.0,1200.0,2.4,0,0,29900.0
Haier,Multicolor,Semi Automatic Top Load,7.0,740.0,4.3,6,89,11994.0
SAMSUNG,Grey,Fully Automatic Top Load,9.0,700.0,4.3,4479,57726,24990.0
Whirlpool,Grey,Fully Automatic Top Load,7.0,740.0,4.1,1230,16409,14990.0
BOSCH,Blue,Fully Automatic Front Load,8.0,1400.0,4.4,0,0,41600.0
Panasonic,Grey,Fully Automatic Front Load,8.0,702.0,4.25,0,0,35490.0
Haier,Black,Fully Automatic Top Load,8.0,1200.0,4.3,0,0,28500.0
LG,Black,Fully Automatic Front Load,1.0,1400.0,4.2,2,13,48990.0
MarQ,White,Semi Automatic Top Load,8.0,1350.0,4.1,3,58,5299.0
Whirlpool,Grey,Fully Automatic Top Load,6.0,740.0,4.2,1363,19093,13790.0
Panasonic,Grey,Fully Automatic Front Load,7.0,702.0,4.25,0,0,30780.0
Lloyd,Silver,Semi Automatic Top Load,9.0,1300.0,3.0,0,3,14900.0
SAMSUNG,Grey,Fully Automatic Top Load,9.0,1400.0,4.4,1533,17279,42990.0
Whirlpool,Grey,Fully Automatic Top Load,8.0,740.0,4.2,20,151,31990.0
Panasonic,Silver,Fully Automatic Top Load,8.0,702.0,4.25,0,0,30783.0
Lloyd,Grey,Fully Automatic Top Load,5.0,700.0,4.3,0,0,22710.0
Lloyd,Black,Fully Automatic Top Load,5.0,1300.0,4.3,0,0,18599.0
Lloyd,Grey,Fully Automatic Top Load,5.0,1300.0,4.3,0,0,22830.0
SAMSUNG,Black,Fully Automatic Front Load,9.0,1400.0,4.4,1533,17279,39990.0
Whirlpool,Grey,Fully Automatic Top Load,7.0,740.0,4.0,13,187,26990.0
ONIDA,Grey,Fully Automatic Top Load,5.0,700.0,4.2,4648,40435,14290.0
Godrej,Grey,Fully Automatic Top Load,7.0,800.0,5.0,0,5,16980.0
Whirlpool,Grey,Fully Automatic Top Load,5.0,740.0,4.2,1363,19093,16490.0
Whirlpool,Grey,Fully Automatic Front Load,8.0,740.0,5.0,1,6,34990.0
Godrej,Grey,Fully Automatic Top Load,7.0,1400.0,4.3,0,0,19989.0
MarQ,White,Semi Automatic Top Load,7.0,1350.0,4.3,4968,47406,7690.0
Voltas,Grey,Semi Automatic Top Load,7.0,1300.0,4.1,4,24,11229.0
ONIDA,Black,Fully Automatic Top Load,5.0,750.0,4.2,1475,13614,13990.0
SAMSUNG,Grey,Fully Automatic Top Load,9.0,700.0,4.3,4479,57726,24990.0
Whirlpool,Grey,Fully Automatic Top Load,7.0,740.0,4.1,1230,16409,14990.0
Haier,Grey,Fully Automatic Top Load,5.0,800.0,4.4,39,431,15356.0
BOSCH,Silver,Fully Automatic Front Load,7.0,1200.0,4.4,3,17,28990.0
MarQ,White,Semi Automatic Top Load,8.0,1350.0,4.1,3,58,5299.0
Whirlpool,Grey,Fully Automatic Top Load,6.0,740.0,4.2,1363,19093,13790.0
Thomson,Grey,Semi Automatic Top Load,5.0,1400.0,4.2,866,8475,6896.0
LG,Silver,Fully Automatic Front Load,8.0,1200.0,5.0,0,5,42990.0
Whirlpool,Machine,Semi Automatic Top Load,5.0,1400.0,4.4,10,107,12690.0
Samsung,Black,Unknown,,,3.0,0,6,99990.0
SAMSUNG,Grey,Fully Automatic Top Load,9.0,1400.0,4.4,1533,17279,42990.0
Whirlpool,Grey,Fully Automatic Top Load,8.0,740.0,4.2,20,151,31990.0
Voltas,Grey,Fully Automatic Top Load,8.0,700.0,4.3,1,16,20594.0
BOSCH,Grey,Fully Automatic Top Load,7.0,1200.0,4.4,0,0,34600.0
SAMSUNG,Black,Fully Automatic Front Load,9.0,1400.0,4.4,1533,17279,39990.0
Whirlpool,Grey,Fully Automatic Top Load,7.0,740.0,4.0,13,187,26990.0
SAMSUNG,Grey,Fully Automatic Top Load,9.0,1350.0,4.4,0,0,71990.0
TCL,Grey,Fully Automatic Top Load,5.0,800.0,4.2,2,15,17790.0
Godrej,Black,Fully Automatic Top Load,5.0,670.0,4.1,19,146,18990.0
BOSCH,White,Fully Automatic Front Load,5.0,1200.0,4.4,0,0,32990.0
Whirlpool,Grey,Fully Automatic Top Load,5.0,740.0,4.2,1363,19093,16490.0
Whirlpool,Grey,Fully Automatic Front Load,8.0,740.0,5.0,1,6,34990.0
Panasonic,Silver,Fully Automatic Top Load,5.0,702.0,4.5,0,4,28350.0
Whirlpool,Red,Semi Automatic Top Load,7.0,740.0,3.6,2,19,11490.0
SAMSUNG,Grey,Fully Automatic Top Load,9.0,700.0,4.3,4479,57726,24990.0
Whirlpool,Grey,Fully Automatic Top Load,7.0,740.0,4.1,1230,16409,14990.0
White,Grey,Fully Automatic Top Load,5.0,700.0,3.8,21,73,12999.0
White,Grey,Fully Automatic Top Load,5.0,720.0,3.6,1,16,14499.0
White,Grey,Semi Automatic Top Load,7.0,1400.0,4.2,91,1081,8499.0
Panasonic,Silver,Fully Automatic Top Load,7.0,702.0,4.25,0,0,24080.0
MarQ,White,Semi Automatic Top Load,8.0,1350.0,4.1,3,58,5299.0
Whirlpool,Grey,Fully Automatic Top Load,6.0,740.0,4.2,1363,19093,13790.0
Voltas,Grey,Fully Automatic Top Load,5.0,700.0,4.5,3,31,17326.0
Whirlpool,White,Fully Automatic Front Load,7.0,1000.0,4.0,10,94,32100.0
SAMSUNG,Grey,Fully Automatic Top Load,9.0,1400.0,4.4,1533,17279,42990.0
Whirlpool,Grey,Fully Automatic Top Load,8.0,740.0,4.2,20,151,31990.0
Whirlpool,White,Fully Automatic Front Load,7.0,740.0,4.2,0,0,32099.0
Whirlpool,White,Semi Automatic Top Load,5.0,1400.0,4.4,428,3246,17157.0
BOSCH,White,Fully Automatic Front Load,8.0,1200.0,4.4,0,0,39989.0
LG,Silver,Fully Automatic Front Load,7.0,1200.0,4.2,3,44,36990.0
SAMSUNG,Black,Fully Automatic Front Load,9.0,1400.0,4.4,1533,17279,39990.0
Whirlpool,Grey,Fully Automatic Top Load,7.0,740.0,4.0,13,187,26990.0
Whirlpool,Purple,Semi Automatic Top Load,8.0,1400.0,4.4,643,5544,12590.0
BOSCH,Grey,Fully Automatic Top Load,5.0,1200.0,4.0,1,6,21790.0
Whirlpool,Grey,Fully Automatic Top Load,5.0,740.0,4.2,1363,19093,16490.0
Whirlpool,Grey,Fully Automatic Front Load,8.0,740.0,5.0,1,6,34990.0
BOSCH,Silver,Fully Automatic Front Load,9.0,1200.0,4.4,0,0,42700.0
Godrej,Grey,Fully Automatic Top Load,5.0,1400.0,4.3,0,0,19989.0
BOSCH,Blue,Fully Automatic Front Load,8.0,1200.0,4.4,0,0,39900.0
Godrej,White,Semi Automatic Top Load,0.0,1440.0,3.7,0,3,16889.0
SAMSUNG,Grey,Fully Automatic Top Load,9.0,700.0,4.3,4479,57726,24990.0
Whirlpool,Grey,Fully Automatic Top Load,7.0,740.0,4.1,1230,16409,14990.0
BOSCH,Grey,Fully Automatic Front Load,8.0,1200.0,4.5,51,759,34964.0
Voltas,Maroon,Semi Automatic Top Load,7.0,1300.0,3.0,0,3,9301.0
MarQ,White,Semi Automatic Top Load,8.0,1350.0,4.1,3,58,5299.0
Whirlpool,Grey,Fully Automatic Top Load,6.0,740.0,4.2,1363,19093,13790.0
SAMSUNG,Grey,Semi Automatic Top Load,5.0,740.0,4.3,71,847,13162.0
SAMSUNG,Grey,Fully Automatic Front Load,8.0,1400.0,4.0,0,31,39990.0
LG,Black,Fully Automatic Front Load,7.0,1200.0,4.3,3,37,36990.0
LG,Silver,Fully Automatic Front Load,8.0,1400.0,4.5,302,2649,41990.0
SAMSUNG,Grey,Fully Automatic Top Load,9.0,1400.0,4.4,1533,17279,42990.0
Whirlpool,Grey,Fully Automatic Top Load,8.0,740.0,4.2,20,151,31990.0
Whirlpool,Grey,Fully Automatic Top Load,7.0,740.0,4.0,1,14,21591.0
SAMSUNG,Grey,Fully Automatic Top Load,7.0,1200.0,4.7,4,43,38990.0
SAMSUNG,Black,Fully Automatic Front Load,9.0,1400.0,4.4,1533,17279,39990.0
Whirlpool,Grey,Fully Automatic Top Load,7.0,740.0,4.0,13,187,26990.0
Haier,Silver,Fully Automatic Front Load,8.0,1200.0,4.5,0,6,37500.0
Whirlpool,Grey,Fully Automatic Top Load,5.0,740.0,3.8,0,4,25650.0
Whirlpool,Grey,Fully Automatic Top Load,5.0,740.0,4.5,0,11,24400.0
IFB,Grey,Fully Automatic Front Load,5.0,1400.0,4.4,8,97,44450.0
SAMSUNG,Grey,Fully Automatic Top Load,9.0,700.0,4.3,4479,57726,24990.0
Whirlpool,Grey,Fully Automatic Top Load,7.0,740.0,4.1,1230,16409,14990.0
SAMSUNG,Grey,Fully Automatic Top Load,5.0,680.0,4.3,63,726,16100.0
kinger,Maroon,Semi Automatic Top Load,5.0,,,0,0,9999.0
MarQ,White,Semi Automatic Top Load,8.0,1350.0,4.1,3,58,5299.0
Whirlpool,Grey,Fully Automatic Top Load,6.0,740.0,4.2,1363,19093,13790.0
LG,Silver,Fully Automatic Front Load,8.0,1200.0,4.5,86,1203,37890.0
DMR,Blue,Semi Automatic Top Load,6.0,300.0,3.2,4,34,7899.0
BOSCH,Grey,Fully Automatic Front Load,0.0,1200.0,4.4,775,9098,74900.0
BOSCH,Silver,Fully Automatic Front Load,9.0,1200.0,5.0,1,5,49720.0
SAMSUNG,Grey,Fully Automatic Top Load,9.0,1400.0,4.4,1533,17279,42990.0
Whirlpool,Grey,Fully Automatic Top Load,8.0,740.0,4.2,20,151,31990.0
LG,White,Semi Automatic Top Load,6.0,1300.0,4.3,189,2554,12850.0
Panasonic,Silver,Fully Automatic Top Load,5.0,702.0,4.25,0,0,26520.0
SAMSUNG,Black,Fully Automatic Front Load,9.0,1400.0,4.4,1533,17279,39990.0
Whirlpool,Grey,Fully Automatic Top Load,7.0,740.0,4.0,13,187,26990.0
Voltas,Black,Fully Automatic Top Load,5.0,1300.0,4.1,0,0,21789.0
Lloyd,Grey,Semi Automatic Top Load,9.0,600.0,4.3,5,49,14699.0
SAMSUNG,Grey,Semi Automatic Top Load,8.0,1350.0,4.4,47,515,16300.0
LG,Silver,Fully Automatic Top Load,5.0,1200.0,4.4,0,0,21524.0
Whirlpool,Grey,Fully Automatic Top Load,5.0,740.0,4.2,1363,19093,16490.0
Whirlpool,Grey,Fully Automatic Front Load,8.0,740.0,5.0,1,6,34990.0
SAMSUNG,Grey,Fully Automatic Top Load,7.0,1350.0,4.3,2,35,22500.0
Whirlpool,Grey,Fully Automatic Top Load,5.0,740.0,4.2,9,135,24990.0
SAMSUNG,Grey,Fully Automatic Top Load,9.0,700.0,4.3,4479,57726,24990.0
Whirlpool,Grey,Fully Automatic Top Load,7.0,740.0,4.1,1230,16409,14990.0
Haier,White,Semi Automatic Top Load,7.0,1200.0,4.3,0,0,12500.0
Haier,Grey,Fully Automatic Top Load,5.0,1200.0,4.7,2,6,20290.0
BOSCH,Grey,Fully Automatic Top Load,5.0,680.0,4.4,228,1974,19990.0
LG,Silver,Fully Automatic Front Load,7.0,1200.0,4.4,488,4634,36401.0
MarQ,White,Semi Automatic Top Load,8.0,1350.0,4.1,3,58,5299.0
Whirlpool,Grey,Fully Automatic Top Load,6.0,740.0,4.2,1363,19093,13790.0
Panasonic,Silver,Fully Automatic Front Load,8.0,1400.0,3.3,0,4,32990.0
Voltas,White,Semi Automatic Top Load,2.0,1350.0,3.1,0,8,10990.0
SAMSUNG,Grey,Fully Automatic Top Load,9.0,1400.0,4.4,1533,17279,42990.0
Whirlpool,Grey,Fully Automatic Top Load,8.0,740.0,4.2,20,151,31990.0
BOSCH,Silver,Fully Automatic Front Load,5.0,1200.0,4.4,0,0,37389.0
LG,Black,Fully Automatic Front Load,9.0,1200.0,4.4,6,47,43990.0
Kelvinator,Grey,Fully Automatic Top Load,7.0,,,0,0,15490.0
Whirlpool,White,Fully Automatic Front Load,7.0,1000.0,4.2,20,151,32099.0
SAMSUNG,Black,Fully Automatic Front Load,9.0,1400.0,4.4,1533,17279,39990.0
Whirlpool,Grey,Fully Automatic Top Load,7.0,740.0,4.0,13,187,26990.0
Voltas,Blue,Semi Automatic Top Load,8.0,1300.0,4.1,3,73,12400.0
IFB,White,Fully Automatic Front Load,6.0,1000.0,3.7,5,57,30990.0
Whirlpool,Grey,Fully Automatic Top Load,5.0,740.0,4.2,1363,19093,16490.0
Whirlpool,Grey,Fully Automatic Front Load,8.0,740.0,5.0,1,6,34990.0
Panasonic,Grey,Fully Automatic Front Load,6.0,702.0,4.25,0,0,26990.0
LG,Silver,Fully Automatic Front Load,5.0,1300.0,4.5,659,6047,17847.0
